pcode_st,name_st,pcode_dt,name_dt,pcode_ts,name_ts,lit_15ab_t,lit_rate_15ab_t,illit_15ab_t,pop_15ab_m,lit_15ab_m,lit_rate_15ab_m,illit_15ab_m,pop_15ab_f,lit_15ab_f,lit_rate_15ab_f,illit_15ab_f,pop_15ab_t_u,lit_15ab_t_u,lit_rate_15ab_t_u,illit_15ab_t_u,pop_15ab_m_u,lit_15ab_m_u,lit_rate_15ab_m_u,illit_15ab_m_u,pop_15ab_f_u,lit_15ab_f_u,lit_rate_15ab_f_u,illit_15ab_f_u,pop_15ab_t_r,lit_15ab_t_r,lit_rate_15ab_t_r,illit_15ab_t_r,pop_15ab_m_r,lit_15ab_m_r,lit_rate_15ab_m_r,illit_15ab_m_r,pop_15ab_f_r,lit_15ab_f_r,lit_rate_15ab_f_r,illit_15ab_f_r
MMR001,Kachin,MMR001D001,Myitkyina,MMR001001,Myitkyina,184827,94.2,11344,90050,86900,96.5,3150,106121,97927,92.3,8194,156416,148882,95.2,7534,71032,69065,97.2,1967,85384,79817,93.5,5567,39755,35945,90.4,3810,19018,17835,93.8,1183,20737,18110,87.3,2627
MMR001,Kachin,MMR001D001,Myitkyina,MMR001002,Waingmaw,62427,81.9,13777,36512,31392,86,5120,39692,31035,78.2,8657,16910,14622,86.5,2288,8115,7321,90.2,794,8795,7301,83,1494,59294,47805,80.6,11489,28397,24071,84.8,4326,30897,23734,76.8,7163
MMR001,Kachin,MMR001D001,Myitkyina,MMR001003,Injangyang,688,80.8,163,407,350,86,57,444,338,76.1,106,209,167,79.9,42,106,90,84.9,16,103,77,74.8,26,642,521,81.2,121,301,260,86.4,41,341,261,76.5,80
MMR001,Kachin,MMR001D001,Myitkyina,MMR001004,Tanai,27501,85.8,4544,16570,15006,90.6,1564,15475,12495,80.7,2980,19046,16850,88.5,2196,9845,9143,92.9,702,9201,7707,83.8,1494,12999,10651,81.9,2348,6725,5863,87.2,862,6274,4788,76.3,1486
MMR001,Kachin,MMR001D001,Myitkyina,MMR001005,Chipwi,6607,60.6,4298,5446,3686,67.7,1760,5459,2921,53.5,2538,1663,1463,88,200,785,737,93.9,48,878,726,82.7,152,9242,5144,55.7,4098,4661,2949,63.3,1712,4581,2195,47.9,2386
MMR001,Kachin,MMR001D001,Myitkyina,MMR001006,Tsawlaw,2666,72.8,998,1892,1466,77.5,426,1772,1200,67.7,572,192,161,83.9,31,95,85,89.5,10,97,76,78.4,21,3472,2505,72.1,967,1797,1381,76.9,416,1675,1124,67.1,551
MMR001,Kachin,MMR001D002,Mohnyin,MMR001007,Mohnyin,126016,95.6,5783,58925,57509,97.6,1416,72874,68507,94,4367,37635,35891,95.4,1744,16315,15881,97.3,434,21320,20010,93.9,1310,94164,90125,95.7,4039,42610,41628,97.7,982,51554,48497,94.1,3057
MMR001,Kachin,MMR001D002,Mohnyin,MMR001008,Mogaung,78874,93.4,5615,37809,36168,95.7,1641,46680,42706,91.5,3974,16588,15779,95.1,809,7133,6933,97.2,200,9455,8846,93.6,609,67901,63095,92.9,4806,30676,29235,95.3,1441,37225,33860,91,3365
MMR001,Kachin,MMR001D002,Mohnyin,MMR001009,Hpakant,110307,94.4,6579,63120,60623,96,2497,53766,49684,92.4,4082,27096,26021,96,1075,15222,14819,97.4,403,11874,11202,94.3,672,89790,84286,93.9,5504,47898,45804,95.6,2094,41892,38482,91.9,3410
MMR001,Kachin,MMR001D003,Bhamo,MMR001010,Bhamo,77447,94.7,4299,37787,36574,96.8,1213,43959,40873,93,3086,34327,33269,96.9,1058,15511,15260,98.4,251,18816,18009,95.7,807,47419,44178,93.2,3241,22276,21314,95.7,962,25143,22864,90.9,2279
MMR001,Kachin,MMR001D003,Bhamo,MMR001011,Shwegu,54814,97.3,1535,26548,26104,98.3,444,29801,28710,96.3,1091,13149,12783,97.2,366,5917,5815,98.3,102,7232,6968,96.3,264,43200,42031,97.3,1169,20631,20289,98.3,342,22569,21742,96.3,827
MMR001,Kachin,MMR001D003,Bhamo,MMR001012,Momauk,32699,82.7,6824,18498,16047,86.7,2451,21025,16652,79.2,4373,12192,10565,86.7,1627,5602,4910,87.6,692,6590,5655,85.8,935,27331,22134,81,5197,12896,11137,86.4,1759,14435,10997,76.2,3438
MMR001,Kachin,MMR001D003,Bhamo,MMR001013,Mansi,30944,89.3,3724,16726,15358,91.8,1368,17942,15586,86.9,2356,5304,4962,93.6,342,2536,2397,94.5,139,2768,2565,92.7,203,29364,25982,88.5,3382,14190,12961,91.3,1229,15174,13021,85.8,2153
MMR001,Kachin,MMR001D004,Puta-O,MMR001014,Puta-O,31250,88,4264,16910,15644,92.5,1266,18604,15606,83.9,2998,9176,8378,91.3,798,4111,3931,95.6,180,5065,4447,87.8,618,26338,22872,86.8,3466,12799,11713,91.5,1086,13539,11159,82.4,2380
MMR001,Kachin,MMR001D004,Puta-O,MMR001015,Sumprabum,1119,76.7,340,718,599,83.4,119,741,520,70.2,221,623,532,85.4,91,317,287,90.5,30,306,245,80.1,61,836,587,70.2,249,401,312,77.8,89,435,275,63.2,160
MMR001,Kachin,MMR001D004,Puta-O,MMR001016,Machanbaw,4291,87.2,632,2353,2138,90.9,215,2570,2153,83.8,417,1295,1219,94.1,76,610,594,97.4,16,685,625,91.2,60,3628,3072,84.7,556,1743,1544,88.6,199,1885,1528,81.1,357
MMR001,Kachin,MMR001D004,Puta-O,MMR001018,Khaunglanhpu,6368,81.2,1474,4003,3310,82.7,693,3839,3058,79.7,781,247,243,98.4,4,137,137,100,0,110,106,96.4,4,7595,6125,80.6,1470,3866,3173,82.1,693,3729,2952,79.2,777
MMR001,Kachin,MMR001D004,Puta-O,MMR001017,Nawngmun,3757,89.3,451,2121,1982,93.4,139,2087,1775,85.1,312,1317,1249,94.8,68,642,627,97.7,15,675,622,92.1,53,2891,2508,86.8,383,1479,1355,91.6,124,1412,1153,81.7,259
MMR002,Kayah,MMR002D001,Loikaw,MMR002001,Loikaw,71062,85.9,11666,38727,35080,90.6,3647,44001,35982,81.8,8019,34659,33014,95.3,1645,15718,15337,97.6,381,18941,17677,93.3,1264,48069,38048,79.2,10021,23009,19743,85.8,3266,25060,18305,73,6755
MMR002,Kayah,MMR002D001,Loikaw,MMR002002,Demoso,37866,79.3,9859,22590,19313,85.5,3277,25135,18553,73.8,6582,3434,2938,85.6,496,1584,1433,90.5,151,1850,1505,81.4,345,44291,34928,78.9,9363,21006,17880,85.1,3126,23285,17048,73.2,6237
MMR002,Kayah,MMR002D001,Loikaw,MMR002003,Hpruso,11908,70.8,4903,7830,6103,77.9,1727,8981,5805,64.6,3176,2539,2217,87.3,322,1178,1083,91.9,95,1361,1134,83.3,227,14272,9691,67.9,4581,6652,5020,75.5,1632,7620,4671,61.3,2949
MMR002,Kayah,MMR002D001,Loikaw,MMR002004,Shadaw,1720,43,2278,1928,943,48.9,985,2070,777,37.5,1293,1042,753,72.3,289,491,384,78.2,107,551,369,67,182,2956,967,32.7,1989,1437,559,38.9,878,1519,408,26.9,1111
MMR002,Kayah,MMR002D002,Bawlake,MMR002005,Bawlakhe,5301,85.9,867,3092,2788,90.2,304,3076,2513,81.7,563,3174,2786,87.8,388,1558,1441,92.5,117,1616,1345,83.2,271,2994,2515,84,479,1534,1347,87.8,187,1460,1168,80,292
MMR002,Kayah,MMR002D002,Bawlake,MMR002006,Hpasawng,13043,89.1,1603,7411,6674,90.1,737,7235,6369,88,866,1851,1745,94.3,106,879,842,95.8,37,972,903,92.9,69,12795,11298,88.3,1497,6532,5832,89.3,700,6263,5466,87.3,797
MMR002,Kayah,MMR002D002,Bawlake,MMR002007,Mese,3185,91.2,309,1793,1663,92.7,130,1701,1522,89.5,179,537,531,98.9,6,269,266,98.9,3,268,265,98.9,3,2957,2654,89.8,303,1524,1397,91.7,127,1433,1257,87.7,176
MMR003,Kayin,MMR003D001,Hpa-An,MMR003001,Hpa-An,209073,79.9,52581,118910,100358,84.4,18552,142744,108715,76.2,34029,51192,48757,95.2,2435,23717,23008,97,709,27475,25749,93.7,1726,210462,160316,76.2,50146,95193,77350,81.3,17843,115269,82966,72,32303
MMR003,Kayin,MMR003D001,Hpa-An,MMR003002,Hlaingbwe,87506,55.3,70669,73239,43360,59.2,29879,84936,44146,52,40790,10266,8799,85.7,1467,4685,4146,88.5,539,5581,4653,83.4,928,147909,78707,53.2,69202,68554,39214,57.2,29340,79355,39493,49.8,39862
MMR003,Kayin,MMR003D001,Hpa-An,MMR003004,Thandaunggyi,54192,92.5,4408,29105,27250,93.6,1855,29495,26942,91.3,2553,13334,13044,97.8,290,6479,6369,98.3,110,6855,6675,97.4,180,45266,41148,90.9,4118,22626,20881,92.3,1745,22640,20267,89.5,2373
MMR003,Kayin,MMR003D004,Hpapun,MMR003003,Hpapun,17012,84.3,3164,9538,8402,88.1,1136,10638,8610,80.9,2028,10714,9387,87.6,1327,4982,4549,91.3,433,5732,4838,84.4,894,9462,7625,80.6,1837,4556,3853,84.6,703,4906,3772,76.9,1134
MMR003,Kayin,MMR003D002,Myawaddy,MMR003005,Myawaddy,110727,83.6,21682,65108,56157,86.3,8951,67301,54570,81.1,12731,75409,70861,94,4548,36692,35242,96,1450,38717,35619,92,3098,57000,39866,69.9,17134,28416,20915,73.6,7501,28584,18951,66.3,9633
MMR003,Kayin,MMR003D003,Kawkareik,MMR003006,Kawkareik,102378,74.3,35397,62300,49883,80.1,12417,75475,52495,69.6,22980,29536,27351,92.6,2185,13629,12956,95.1,673,15907,14395,90.5,1512,108239,75027,69.3,33212,48671,36927,75.9,11744,59568,38100,64,21468
MMR003,Kayin,MMR003D003,Kawkareik,MMR003007,Kyainseikgyi,106983,68.7,48674,74082,53630,72.4,20452,81575,53353,65.4,28222,26414,23956,90.7,2458,12222,11355,92.9,867,14192,12601,88.8,1591,129243,83027,64.2,46216,61860,42275,68.3,19585,67383,40752,60.5,26631
MMR004,Chin,MMR004D003,Hakha,MMR004002,Hakha,26292,87.9,3626,13233,12076,91.3,1157,16685,14216,85.2,2469,16139,14661,90.8,1478,6963,6566,94.3,397,9176,8095,88.2,1081,13779,11631,84.4,2148,6270,5510,87.9,760,7509,6121,81.5,1388
MMR004,Chin,MMR004D003,Hakha,MMR004003,Thantlang,25357,84.7,4566,13968,12467,89.3,1501,15955,12890,80.8,3065,4937,4609,93.4,328,2222,2120,95.4,102,2715,2489,91.7,226,24986,20748,83,4238,11746,10347,88.1,1399,13240,10401,78.6,2839
MMR004,Chin,MMR004D001,Falam,MMR004001,Falam,25568,88.9,3190,13801,12929,93.7,872,14957,12639,84.5,2318,8077,7591,94,486,3694,3593,97.3,101,4383,3998,91.2,385,20681,17977,86.9,2704,10107,9336,92.4,771,10574,8641,81.7,1933
MMR004,Chin,MMR004D001,Falam,MMR004004,Tedim,44487,86.7,6837,23633,22107,93.5,1526,27691,22380,80.8,5311,8766,8369,95.5,397,3945,3872,98.1,73,4821,4497,93.3,324,42558,36118,84.9,6440,19688,18235,92.6,1453,22870,17883,78.2,4987
MMR004,Chin,MMR004D001,Falam,MMR004005,Tonzang,15437,87.3,2246,8480,7984,94.2,496,9203,7453,81,1750,3035,2787,91.8,248,1362,1318,96.8,44,1673,1469,87.8,204,14648,12650,86.4,1998,7118,6666,93.6,452,7530,5984,79.5,1546
MMR004,Chin,MMR004D002,Mindat,MMR004006,Mindat,16312,69.1,7298,10083,8456,83.9,1627,13527,7856,58.1,5671,6853,5650,82.4,1203,2875,2705,94.1,170,3978,2945,74,1033,16757,10662,63.6,6095,7208,5751,79.8,1457,9549,4911,51.4,4638
MMR004,Chin,MMR004D002,Mindat,MMR004007,Matupi,23314,76.6,7106,13384,11534,86.2,1850,17036,11780,69.1,5256,6453,5371,83.2,1082,2821,2590,91.8,231,3632,2781,76.6,851,23967,17943,74.9,6024,10563,8944,84.7,1619,13404,8999,67.1,4405
MMR004,Chin,MMR004D002,Mindat,MMR004008,Kanpetlet,8134,70.9,3338,5039,4353,86.4,686,6433,3781,58.8,2652,2311,1914,82.8,397,997,942,94.5,55,1314,972,74,342,9161,6220,67.9,2941,4042,3411,84.4,631,5119,2809,54.9,2310
MMR004,Chin,MMR004D002,Mindat,MMR004009,Paletwa,36957,65.8,19182,25501,20535,80.5,4966,30638,16422,53.6,14216,6011,5100,84.8,911,2621,2452,93.6,169,3390,2648,78.1,742,50128,31857,63.6,18271,22880,18083,79,4797,27248,13774,50.6,13474
MMR005,Sagaing,MMR005D001,Sagaing,MMR005001,Sagaing,206104,97,6329,93432,92270,98.8,1162,119001,113834,95.7,5167,56648,55191,97.4,1457,25424,25138,98.9,286,31224,30053,96.2,1171,155785,150913,96.9,4872,68008,67132,98.7,876,87777,83781,95.4,3996
MMR005,Sagaing,MMR005D001,Sagaing,MMR005002,Myinmu,76896,95.3,3830,35236,34397,97.6,839,45490,42499,93.4,2991,11699,11417,97.6,282,5091,5012,98.4,79,6608,6405,96.9,203,69027,65479,94.9,3548,30145,29385,97.5,760,38882,36094,92.8,2788
MMR005,Sagaing,MMR005D001,Sagaing,MMR005003,Myaung,75408,96.8,2475,33328,32769,98.3,559,44555,42639,95.7,1916,5808,5588,96.2,220,2437,2391,98.1,46,3371,3197,94.8,174,72075,69820,96.9,2255,30891,30378,98.3,513,41184,39442,95.8,1742
MMR005,Sagaing,MMR005D002,Shwebo,MMR005004,Shwebo,185323,95.2,9333,85540,83473,97.6,2067,109116,101850,93.3,7266,56754,54827,96.6,1927,24919,24515,98.4,404,31835,30312,95.2,1523,137902,130496,94.6,7406,60621,58958,97.3,1663,77281,71538,92.6,5743
MMR005,Sagaing,MMR005D002,Shwebo,MMR005005,Khin-U,101621,96,4217,47066,46239,98.2,827,58772,55382,94.2,3390,7821,7630,97.6,191,3386,3351,99,35,4435,4279,96.5,156,98017,93991,95.9,4026,43680,42888,98.2,792,54337,51103,94,3234
MMR005,Sagaing,MMR005D002,Shwebo,MMR005006,Wetlet,137672,94.4,8207,63870,62378,97.7,1492,82009,75294,91.8,6715,7991,7751,97,240,3388,3345,98.7,43,4603,4406,95.7,197,137888,129921,94.2,7967,60482,59033,97.6,1449,77406,70888,91.6,6518
MMR005,Sagaing,MMR005D002,Shwebo,MMR005007,Kanbalu,195837,96.1,7852,92662,91240,98.5,1422,111027,104597,94.2,6430,17167,16829,98,338,7688,7620,99.1,68,9479,9209,97.2,270,186522,179008,96,7514,84974,83620,98.4,1354,101548,95388,93.9,6160
MMR005,Sagaing,MMR005D002,Shwebo,MMR005008,Kyunhla,67711,95.2,3436,34047,33490,98.4,557,37100,34221,92.2,2879,8637,8461,98,176,3800,3770,99.2,30,4837,4691,97,146,62510,59250,94.8,3260,30247,29720,98.3,527,32263,29530,91.5,2733
MMR005,Sagaing,MMR005D002,Shwebo,MMR005009,Ye-U,78338,96.3,3036,32194,31753,98.6,441,49180,46585,94.7,2595,13316,13054,98,262,5767,5697,98.8,70,7549,7357,97.5,192,68058,65284,95.9,2774,26427,26056,98.6,371,41631,39228,94.2,2403
MMR005,Sagaing,MMR005D002,Shwebo,MMR005010,Tabayin,88626,90.8,8971,42177,40747,96.6,1430,55420,47879,86.4,7541,3029,2931,96.8,98,1318,1291,98,27,1711,1640,95.9,71,94568,85695,90.6,8873,40859,39456,96.6,1403,53709,46239,86.1,7470
MMR005,Sagaing,MMR005D002,Shwebo,MMR005011,Taze,109111,95.8,4751,46383,45735,98.6,648,67479,63376,93.9,4103,10432,10156,97.4,276,4466,4417,98.9,49,5966,5739,96.2,227,103430,98955,95.7,4475,41917,41318,98.6,599,61513,57637,93.7,3876
MMR005,Sagaing,MMR005D003,Monywa,MMR005012,Monywa,251477,94.5,14653,115922,113078,97.5,2844,150208,138399,92.1,11809,148482,142315,95.8,6167,65065,63842,98.1,1223,83417,78473,94.1,4944,117648,109162,92.8,8486,50857,49236,96.8,1621,66791,59926,89.7,6865
MMR005,Sagaing,MMR005D003,Monywa,MMR005013,Budalin,81674,94.5,4739,36043,35282,97.9,761,50370,46392,92.1,3978,3728,3685,98.8,43,1577,1564,99.2,13,2151,2121,98.6,30,82685,77989,94.3,4696,34466,33718,97.8,748,48219,44271,91.8,3948
MMR005,Sagaing,MMR005D003,Monywa,MMR005014,Ayadaw,103177,90.7,10628,48855,46869,95.9,1986,64950,56308,86.7,8642,6784,6585,97.1,199,2945,2915,99,30,3839,3670,95.6,169,107021,96592,90.3,10429,45910,43954,95.7,1956,61111,52638,86.1,8473
MMR005,Sagaing,MMR005D003,Monywa,MMR005015,Chaung-U,73532,95.2,3684,33675,32731,97.2,944,43541,40801,93.7,2740,16243,15516,95.5,727,7071,6876,97.2,195,9172,8640,94.2,532,60973,58016,95.2,2957,26604,25855,97.2,749,34369,32161,93.6,2208
MMR005,Sagaing,MMR005D004,Katha,MMR005020,Katha,103896,97,3187,50188,49504,98.6,684,56895,54392,95.6,2503,17756,17417,98.1,339,7895,7836,99.3,59,9861,9581,97.2,280,89327,86479,96.8,2848,42293,41668,98.5,625,47034,44811,95.3,2223
MMR005,Sagaing,MMR005D004,Katha,MMR005021,Indaw,75425,96.4,2857,34994,34471,98.5,523,43288,40954,94.6,2334,6206,6094,98.2,112,2664,2646,99.3,18,3542,3448,97.3,94,72076,69331,96.2,2745,32330,31825,98.4,505,39746,37506,94.4,2240
MMR005,Sagaing,MMR005D004,Katha,MMR005022,Tigyaing,83258,97.3,2292,40410,39892,98.7,518,45140,43366,96.1,1774,9493,9368,98.7,125,4225,4204,99.5,21,5268,5164,98,104,76057,73890,97.2,2167,36185,35688,98.6,497,39872,38202,95.8,1670
MMR005,Sagaing,MMR005D004,Katha,MMR005023,Banmauk,57978,88.8,7276,30086,29189,97,897,35168,28789,81.9,6379,4220,4103,97.2,117,1836,1826,99.5,10,2384,2277,95.5,107,61034,53875,88.3,7159,28250,27363,96.9,887,32784,26512,80.9,6272
MMR005,Sagaing,MMR005D004,Katha,MMR005024,Kawlin,98983,96.6,3472,47059,46504,98.8,555,55396,52479,94.7,2917,15713,15388,97.9,325,6889,6800,98.7,89,8824,8588,97.3,236,86742,83595,96.4,3147,40170,39704,98.8,466,46572,43891,94.2,2681
MMR005,Sagaing,MMR005D004,Katha,MMR005025,Wuntho,46285,96.5,1674,21856,21522,98.5,334,26103,24763,94.9,1340,8371,8158,97.5,213,3681,3641,98.9,40,4690,4517,96.3,173,39588,38127,96.3,1461,18175,17881,98.4,294,21413,20246,94.6,1167
MMR005,Sagaing,MMR005D004,Katha,MMR005026,Pinlebu,69144,94.2,4282,32199,31605,98.2,594,41227,37539,91.1,3688,4737,4630,97.7,107,2056,2031,98.8,25,2681,2599,96.9,82,68689,64514,93.9,4175,30143,29574,98.1,569,38546,34940,90.6,3606
MMR005,Sagaing,MMR005D005,Kale,MMR005027,Kale,222411,95.2,11317,108149,105119,97.2,3030,125579,117292,93.4,8287,88780,84705,95.4,4075,39211,38402,97.9,809,49569,46303,93.4,3266,144948,137706,95,7242,68938,66717,96.8,2221,76010,70989,93.4,5021
MMR005,Sagaing,MMR005D005,Kale,MMR005028,Kalewa,38118,99.2,313,18241,18144,99.5,97,20190,19974,98.9,216,6301,6270,99.5,31,2818,2808,99.6,10,3483,3462,99.4,21,32130,31848,99.1,282,15423,15336,99.4,87,16707,16512,98.8,195
MMR005,Sagaing,MMR005D005,Kale,MMR005029,Mingin,68430,96.6,2405,32517,32008,98.4,509,38318,36422,95.1,1896,2458,2416,98.3,42,1060,1050,99.1,10,1398,1366,97.7,32,68377,66014,96.5,2363,31457,30958,98.4,499,36920,35056,95,1864
MMR005,Sagaing,MMR005D006,Tamu,MMR005030,Tamu,67942,94.4,4039,34723,33682,97,1041,37258,34260,92,2998,38984,36928,94.7,2056,18318,17806,97.2,512,20666,19122,92.5,1544,32997,31014,94,1983,16405,15876,96.8,529,16592,15138,91.2,1454
MMR005,Sagaing,MMR005D007,Mawlaik,MMR005031,Mawlaik,32964,98.4,533,15506,15373,99.1,133,17991,17591,97.8,400,5645,5523,97.8,122,2620,2576,98.3,44,3025,2947,97.4,78,27852,27441,98.5,411,12886,12797,99.3,89,14966,14644,97.8,322
MMR005,Sagaing,MMR005D007,Mawlaik,MMR005032,Paungbyin,67753,97.1,2051,31406,31036,98.8,370,38398,36717,95.6,1681,6398,6308,98.6,90,2850,2825,99.1,25,3548,3483,98.2,65,63406,61445,96.9,1961,28556,28211,98.8,345,34850,33234,95.4,1616
MMR005,Sagaing,MMR005D008,Hkamti,MMR005033,Hkamti,19019,79.1,5025,11817,9976,84.4,1841,12227,9043,74,3184,7274,6446,88.6,828,3342,3089,92.4,253,3932,3357,85.4,575,16770,12573,75,4197,8475,6887,81.3,1588,8295,5686,68.5,2609
MMR005,Sagaing,MMR005D008,Hkamti,MMR005034,Homalin,111533,92.5,9019,55286,53799,97.3,1487,65266,57734,88.5,7532,12031,11651,96.8,380,5538,5455,98.5,83,6493,6196,95.4,297,108521,99882,92,8639,49748,48344,97.2,1404,58773,51538,87.7,7235
MMR005,Sagaing,MMR005D008,Hkamti,MMR005035,Lay Shi,3937,69.6,1723,2634,2124,80.6,510,3026,1813,59.9,1213,1401,1230,87.8,171,668,630,94.3,38,733,600,81.9,133,4259,2707,63.6,1552,1966,1494,76,472,2293,1213,52.9,1080
MMR005,Sagaing,MMR005D008,Hkamti,MMR005036,Lahe,8747,27.9,22584,15121,5070,33.5,10051,16210,3677,22.7,12533,3087,2017,65.3,1070,1496,1112,74.3,384,1591,905,56.9,686,28244,6730,23.8,21514,13625,3958,29,9667,14619,2772,19,11847
MMR005,Sagaing,MMR005D008,Hkamti,MMR005037,Nanyun,11162,38.8,17582,14190,6720,47.4,7470,14554,4442,30.5,10112,3255,2262,69.5,993,1629,1262,77.5,367,1626,1000,61.5,626,25489,8900,34.9,16589,12561,5458,43.5,7103,12928,3442,26.6,9486
MMR005,Sagaing,MMR005D009,Yinmabin,MMR005016,Yinmabin,95513,94,6085,45700,44817,98.1,883,55898,50696,90.7,5202,3500,3456,98.7,44,1537,1531,99.6,6,1963,1925,98.1,38,98098,92057,93.8,6041,44163,43286,98,877,53935,48771,90.4,5164
MMR005,Sagaing,MMR005D009,Yinmabin,MMR005018,Salingyi,81796,93.9,5315,37310,36217,97.1,1093,49801,45579,91.5,4222,3870,3798,98.1,72,1604,1591,99.2,13,2266,2207,97.4,59,83241,77998,93.7,5243,35706,34626,97,1080,47535,43372,91.2,4163
MMR005,Sagaing,MMR005D009,Yinmabin,MMR005019,Pale,89175,88.5,11571,44608,42258,94.7,2350,56138,46917,83.6,9221,2867,2786,97.2,81,1257,1247,99.2,10,1610,1539,95.6,71,97879,86389,88.3,11490,43351,41011,94.6,2340,54528,45378,83.2,9150
MMR005,Sagaing,MMR005D009,Yinmabin,MMR005017,Kani,86879,94.2,5371,40708,39512,97.1,1196,51542,47367,91.9,4175,3553,3468,97.6,85,1488,1472,98.9,16,2065,1996,96.7,69,88697,83411,94,5286,39220,38040,97,1180,49477,45371,91.7,4106
MMR006,Tanintharyi,MMR006D001,Dawei,MMR006001,Dawei,90274,94.1,5621,42920,40992,95.5,1928,52975,49282,93,3693,57019,55037,96.5,1982,25379,24877,98,502,31640,30160,95.3,1480,38876,35237,90.6,3639,17541,16115,91.9,1426,21335,19122,89.6,2213
MMR006,Tanintharyi,MMR006D001,Dawei,MMR006002,Launglon,69268,91.9,6129,33185,31533,95,1652,42212,37735,89.4,4477,3619,3369,93.1,250,1532,1466,95.7,66,2087,1903,91.2,184,71778,65899,91.8,5879,31653,30067,95,1586,40125,35832,89.3,4293
MMR006,Tanintharyi,MMR006D001,Dawei,MMR006003,Thayetchaung,63843,94.6,3663,30186,28970,96,1216,37320,34873,93.4,2447,7656,7480,97.7,176,3535,3492,98.8,43,4121,3988,96.8,133,59850,56363,94.2,3487,26651,25478,95.6,1173,33199,30885,93,2314
MMR006,Tanintharyi,MMR006D001,Dawei,MMR006004,Yebyu,62424,83.7,12183,35396,31391,88.7,4005,39211,31033,79.1,8178,5183,4829,93.2,354,2419,2320,95.9,99,2764,2509,90.8,255,69424,57595,83,11829,32977,29071,88.2,3906,36447,28524,78.3,7923
MMR006,Tanintharyi,MMR006D002,Myeik,MMR006005,Myeik,178277,96.4,6752,86689,84500,97.5,2189,98340,93777,95.4,4563,79485,77281,97.2,2204,36281,35683,98.4,598,43204,41598,96.3,1606,105544,100996,95.7,4548,50408,48817,96.8,1591,55136,52179,94.6,2957
MMR006,Tanintharyi,MMR006D002,Myeik,MMR006006,Kyunsu,94032,90.8,9507,52468,48506,92.4,3962,51071,45526,89.1,5545,3250,3181,97.9,69,1561,1541,98.7,20,1689,1640,97.1,49,100289,90851,90.6,9438,50907,46965,92.3,3942,49382,43886,88.9,5496
MMR006,Tanintharyi,MMR006D002,Myeik,MMR006007,Palaw,74868,93.1,5580,37785,35333,93.5,2452,42663,39535,92.7,3128,16343,15677,95.9,666,7622,7338,96.3,284,8721,8339,95.6,382,64105,59191,92.3,4914,30163,27995,92.8,2168,33942,31196,91.9,2746
MMR006,Tanintharyi,MMR006D002,Myeik,MMR006008,Tanintharyi,58481,91.3,5568,31778,29280,92.1,2498,32271,29201,90.5,3070,3754,3681,98.1,73,1776,1751,98.6,25,1978,1930,97.6,48,60295,54800,90.9,5495,30002,27529,91.8,2473,30293,27271,90,3022
MMR006,Tanintharyi,MMR006D003,Kawthoung,MMR006009,Kawthoung,83600,94.5,4880,44047,42380,96.2,1667,44433,41220,92.8,3213,44395,42889,96.6,1506,21372,20940,98,432,23023,21949,95.3,1074,44085,40711,92.3,3374,22675,21440,94.6,1235,21410,19271,90,2139
MMR006,Tanintharyi,MMR006D003,Kawthoung,MMR006010,Bokpyin,42755,91.6,3925,24091,22569,93.7,1522,22589,20186,89.4,2403,6325,5977,94.5,348,3134,3024,96.5,110,3191,2953,92.5,238,40355,36778,91.1,3577,20957,19545,93.3,1412,19398,17233,88.8,2165
MMR111,Bago,MMR007D001,Bago,MMR007001,Bago,306315,92.7,24191,148533,142037,95.6,6496,181973,164278,90.3,17695,175938,165670,94.2,10268,76413,73928,96.7,2485,99525,91742,92.2,7783,154568,140645,91,13923,72120,68109,94.4,4011,82448,72536,88,9912
MMR111,Bago,MMR007D001,Bago,MMR007002,Thanatpin,84698,91.9,7484,41787,40024,95.8,1763,50395,44674,88.6,5721,10831,10100,93.3,731,4758,4620,97.1,138,6073,5480,90.2,593,81351,74598,91.7,6753,37029,35404,95.6,1625,44322,39194,88.4,5128
MMR111,Bago,MMR007D001,Bago,MMR007003,Kawa,122185,94.5,7124,58620,56758,96.8,1862,70689,65427,92.6,5262,12240,11519,94.1,721,5341,5195,97.3,146,6899,6324,91.7,575,117069,110666,94.5,6403,53279,51563,96.8,1716,63790,59103,92.7,4687
MMR111,Bago,MMR007D001,Bago,MMR007004,Waw,103634,93.2,7570,49837,48204,96.7,1633,61367,55430,90.3,5937,15586,14214,91.2,1372,6663,6391,95.9,272,8923,7823,87.7,1100,95618,89420,93.5,6198,43174,41813,96.8,1361,52444,47607,90.8,4837
MMR111,Bago,MMR007D001,Bago,MMR007005,Nyaunglebin,130737,95.9,5615,61493,60120,97.8,1373,74859,70617,94.3,4242,41218,39589,96,1629,18246,17858,97.9,388,22972,21731,94.6,1241,95134,91148,95.8,3986,43247,42262,97.7,985,51887,48886,94.2,3001
MMR111,Bago,MMR007D001,Bago,MMR007006,Kyauktaga,151129,91.1,14696,75902,72088,95,3814,89923,79041,87.9,10882,22077,20909,94.7,1168,9699,9476,97.7,223,12378,11433,92.4,945,143748,130220,90.6,13528,66203,62612,94.6,3591,77545,67608,87.2,9937
MMR111,Bago,MMR007D001,Bago,MMR007007,Daik-U,127521,93.7,8569,61837,59993,97,1844,74253,67528,90.9,6725,26903,25148,93.5,1755,11824,11510,97.3,314,15079,13638,90.4,1441,109187,102373,93.8,6814,50013,48483,96.9,1530,59174,53890,91.1,5284
MMR111,Bago,MMR007D001,Bago,MMR007008,Shwegyin,63831,93.7,4289,32329,30924,95.7,1405,35791,32907,91.9,2884,16425,15864,96.6,561,7521,7379,98.1,142,8904,8485,95.3,419,51695,47967,92.8,3728,24808,23545,94.9,1263,26887,24422,90.8,2465
MMR111,Bago,MMR007D002,Taungoo,MMR007009,Taungoo,165044,93.7,11148,79394,76432,96.3,2962,96798,88612,91.5,8186,74798,72204,96.5,2594,32609,31992,98.1,617,42189,40212,95.3,1977,101394,92840,91.6,8554,46785,44440,95,2345,54609,48400,88.6,6209
MMR111,Bago,MMR007D002,Taungoo,MMR007010,Yedashe,133223,93,10004,66221,64158,96.9,2063,77006,69065,89.7,7941,17660,17090,96.8,570,7800,7689,98.6,111,9860,9401,95.3,459,125567,116133,92.5,9434,58421,56469,96.7,1952,67146,59664,88.9,7482
MMR111,Bago,MMR007D002,Taungoo,MMR007011,Kyaukkyi,63914,90.4,6755,32147,29663,92.3,2484,38522,34251,88.9,4271,7035,6801,96.7,234,3078,3007,97.7,71,3957,3794,95.9,163,63634,57113,89.8,6521,29069,26656,91.7,2413,34565,30457,88.1,4108
MMR111,Bago,MMR007D002,Taungoo,MMR007012,Phyu,156620,91,15411,77121,73391,95.2,3730,94910,83229,87.7,11681,44885,42243,94.1,2642,19757,19173,97,584,25128,23070,91.8,2058,127146,114377,90,12769,57364,54218,94.5,3146,69782,60159,86.2,9623
MMR111,Bago,MMR007D002,Taungoo,MMR007013,Oktwin,97877,90.8,9928,48410,46011,95,2399,59395,51866,87.3,7529,9833,9176,93.3,657,4168,4023,96.5,145,5665,5153,91,512,97972,88701,90.5,9271,44242,41988,94.9,2254,53730,46713,86.9,7017
MMR111,Bago,MMR007D002,Taungoo,MMR007014,Htantabin,71358,92,6177,34843,32996,94.7,1847,42692,38362,89.9,4330,7151,6781,94.8,370,3204,3092,96.5,112,3947,3689,93.5,258,70384,64577,91.7,5807,31639,29904,94.5,1735,38745,34673,89.5,4072
MMR111,Bago,MMR008D001,Pyay,MMR008001,Pyay,178366,96.9,5782,83190,81960,98.5,1230,100958,96406,95.5,4552,96706,94175,97.4,2531,42736,42232,98.8,504,53970,51943,96.2,2027,87442,84191,96.3,3251,40454,39728,98.2,726,46988,44463,94.6,2525
MMR111,Bago,MMR008D001,Pyay,MMR008002,Paukkhaung,87211,93.5,6016,44587,43018,96.5,1569,48640,44193,90.9,4447,10727,10556,98.4,171,4747,4718,99.4,29,5980,5838,97.6,142,82500,76655,92.9,5845,39840,38300,96.1,1540,42660,38355,89.9,4305
MMR111,Bago,MMR008D001,Pyay,MMR008003,Padaung,103189,95.3,5112,50249,48913,97.3,1336,58052,54276,93.5,3776,13216,12832,97.1,384,5860,5759,98.3,101,7356,7073,96.2,283,95085,90357,95,4728,44389,43154,97.2,1235,50696,47203,93.1,3493
MMR111,Bago,MMR008D001,Pyay,MMR008004,Paungde,99892,94.8,5456,49292,47707,96.8,1585,56056,52185,93.1,3871,19753,19342,97.9,411,8842,8727,98.7,115,10911,10615,97.3,296,85595,80550,94.1,5045,40450,38980,96.4,1470,45145,41570,92.1,3575
MMR111,Bago,MMR008D001,Pyay,MMR008005,Thegon,100633,97.8,2288,46931,46341,98.7,590,55990,54292,97,1698,12321,12182,98.9,139,5397,5374,99.6,23,6924,6808,98.3,116,90600,88451,97.6,2149,41534,40967,98.6,567,49066,47484,96.8,1582
MMR111,Bago,MMR008D001,Pyay,MMR008006,Shwedaung,90418,97.2,2602,41429,40792,98.5,637,51591,49626,96.2,1965,13542,13394,98.9,148,5718,5689,99.5,29,7824,7705,98.5,119,79478,77024,96.9,2454,35711,35103,98.3,608,43767,41921,95.8,1846
MMR111,Bago,MMR008D002,Thayarwady,MMR008007,Thayarwady,99509,95.2,5040,48145,46759,97.1,1386,56404,52750,93.5,3654,24871,24249,97.5,622,10928,10783,98.7,145,13943,13466,96.6,477,79678,75260,94.5,4418,37217,35976,96.7,1241,42461,39284,92.5,3177
MMR111,Bago,MMR008D002,Thayarwady,MMR008008,Letpadan,117154,95,6112,56354,54693,97.1,1661,66912,62461,93.3,4451,18002,17451,96.9,551,7953,7819,98.3,134,10049,9632,95.9,417,105264,99703,94.7,5561,48401,46874,96.8,1527,56863,52829,92.9,4034
MMR111,Bago,MMR008D002,Thayarwady,MMR008009,Minhla,86298,97.2,2462,40981,40277,98.3,704,47779,46021,96.3,1758,8695,8516,97.9,179,3728,3679,98.7,49,4967,4837,97.4,130,80065,77782,97.1,2283,37253,36598,98.2,655,42812,41184,96.2,1628
MMR111,Bago,MMR008D002,Thayarwady,MMR008010,Okpho,88480,95.7,3937,42878,41606,97,1272,49539,46874,94.6,2665,8509,8341,98,168,3670,3630,98.9,40,4839,4711,97.4,128,83908,80139,95.5,3769,39208,37976,96.9,1232,44700,42163,94.3,2537
MMR111,Bago,MMR008D002,Thayarwady,MMR008011,Zigon,49994,96.7,1701,23956,23452,97.9,504,27739,26542,95.7,1197,11613,11382,98,231,5161,5102,98.9,59,6452,6280,97.3,172,40082,38612,96.3,1470,18795,18350,97.6,445,21287,20262,95.2,1025
MMR111,Bago,MMR008D002,Thayarwady,MMR008012,Nattalin,128455,97.2,3706,61498,60306,98.1,1192,70663,68149,96.4,2514,14353,14167,98.7,186,6322,6280,99.3,42,8031,7887,98.2,144,117808,114288,97,3520,55176,54026,97.9,1150,62632,60262,96.2,2370
MMR111,Bago,MMR008D002,Thayarwady,MMR008013,Monyo,89727,96.7,3087,42758,41939,98.1,819,50056,47788,95.5,2268,6881,6774,98.4,107,3063,3040,99.2,23,3818,3734,97.8,84,85933,82953,96.5,2980,39695,38899,98,796,46238,44054,95.3,2184
MMR111,Bago,MMR008D002,Thayarwady,MMR008014,Gyobingauk,87576,97.6,2189,41401,40751,98.4,650,48364,46825,96.8,1539,17492,17257,98.7,235,7764,7696,99.1,68,9728,9561,98.3,167,72273,70319,97.3,1954,33637,33055,98.3,582,38636,37264,96.4,1372
MMR009,Magway,MMR009D001,Magway,MMR009001,Magway,187478,92.9,14314,89540,86898,97,2642,112252,100580,89.6,11672,65553,63449,96.8,2104,28715,28316,98.6,399,36838,35133,95.4,1705,136239,124029,91,12210,60825,58582,96.3,2243,75414,65447,86.8,9967
MMR009,Magway,MMR009D001,Magway,MMR009002,Yenangyaung,85583,91.3,8194,39257,37838,96.4,1419,54520,47745,87.6,6775,32175,30881,96,1294,13196,12969,98.3,227,18979,17912,94.4,1067,61602,54702,88.8,6900,26061,24869,95.4,1192,35541,29833,83.9,5708
MMR009,Magway,MMR009D001,Magway,MMR009003,Chauk,122196,92.1,10505,55520,53809,96.9,1711,77181,68387,88.6,8794,33100,32174,97.2,926,13847,13642,98.5,205,19253,18532,96.3,721,99601,90022,90.4,9579,41673,40167,96.4,1506,57928,49855,86.1,8073
MMR009,Magway,MMR009D001,Magway,MMR009004,Taungdwingyi,171650,93.3,12326,82977,80491,97,2486,100999,91159,90.3,9840,31786,30258,95.2,1528,13838,13527,97.8,311,17948,16731,93.2,1217,152190,141392,92.9,10798,69139,66964,96.9,2175,83051,74428,89.6,8623
MMR009,Magway,MMR009D001,Magway,MMR009005,Myothit,95310,87.8,13270,48062,45908,95.5,2154,60518,49402,81.6,11116,5698,5599,98.3,99,2440,2425,99.4,15,3258,3174,97.4,84,102882,89711,87.2,13171,45622,43483,95.3,2139,57260,46228,80.7,11032
MMR009,Magway,MMR009D001,Magway,MMR009006,Natmauk,126106,87.6,17862,60646,58287,96.1,2359,83322,67819,81.4,15503,10507,10021,95.4,486,4545,4471,98.4,74,5962,5550,93.1,412,133461,116085,87,17376,56101,53816,95.9,2285,77360,62269,80.5,15091
MMR009,Magway,MMR009D002,Minbu,MMR009007,Minbu,118648,93.7,7985,56892,55272,97.2,1620,69741,63376,90.9,6365,28225,27054,95.9,1171,12241,11972,97.8,269,15984,15082,94.4,902,98408,91594,93.1,6814,44651,43300,97,1351,53757,48294,89.8,5463
MMR009,Magway,MMR009D002,Minbu,MMR009008,Pwintbyu,108039,92.5,8764,52605,50748,96.5,1857,64198,57291,89.2,6907,4496,4345,96.6,151,1905,1870,98.2,35,2591,2475,95.5,116,112307,103694,92.3,8613,50700,48878,96.4,1822,61607,54816,89,6791
MMR009,Magway,MMR009D002,Minbu,MMR009009,Ngape,32458,92.2,2746,16161,15441,95.5,720,19043,17017,89.4,2026,2936,2890,98.4,46,1289,1278,99.1,11,1647,1612,97.9,35,32268,29568,91.6,2700,14872,14163,95.2,709,17396,15405,88.6,1991
MMR009,Magway,MMR009D002,Minbu,MMR009010,Salin,162341,95.5,7659,74594,73026,97.9,1568,95406,89315,93.6,6091,9107,8871,97.4,236,3842,3781,98.4,61,5265,5090,96.7,175,160893,153470,95.4,7423,70752,69245,97.9,1507,90141,84225,93.4,5916
MMR009,Magway,MMR009D002,Minbu,MMR009011,Sidoktaya,30935,95.6,1430,15176,14888,98.1,288,17189,16047,93.4,1142,4357,4210,96.6,147,1931,1889,97.8,42,2426,2321,95.7,105,28008,26725,95.4,1283,13245,12999,98.1,246,14763,13726,93,1037
MMR009,Magway,MMR009D003,Thayet,MMR009012,Thayet,71444,93,5358,34317,33293,97,1024,42485,38151,89.8,4334,14449,13879,96.1,570,6093,5965,97.9,128,8356,7914,94.7,442,62353,57565,92.3,4788,28224,27328,96.8,896,34129,30237,88.6,3892
MMR009,Magway,MMR009D003,Thayet,MMR009013,Minhla,85969,92.9,6561,43262,41767,96.5,1495,49268,44202,89.7,5066,9045,8762,96.9,283,4034,3976,98.6,58,5011,4786,95.5,225,83485,77207,92.5,6278,39228,37791,96.3,1437,44257,39416,89.1,4841
MMR009,Magway,MMR009D003,Thayet,MMR009014,Mindon,40776,89.8,4651,20506,19501,95.1,1005,24921,21275,85.4,3646,3517,3376,96,141,1535,1513,98.6,22,1982,1863,94,119,41910,37400,89.2,4510,18971,17988,94.8,983,22939,19412,84.6,3527
MMR009,Magway,MMR009D003,Thayet,MMR009015,Kamma,54261,94.4,3243,26542,25529,96.2,1013,30962,28732,92.8,2230,3914,3789,96.8,125,1707,1666,97.6,41,2207,2123,96.2,84,53590,50472,94.2,3118,24835,23863,96.1,972,28755,26609,92.5,2146
MMR009,Magway,MMR009D003,Thayet,MMR009016,Aunglan,159980,93.4,11270,78285,75840,96.9,2445,92965,84140,90.5,8825,38261,37146,97.1,1115,17006,16774,98.6,232,21255,20372,95.8,883,132989,122834,92.4,10155,61279,59066,96.4,2213,71710,63768,88.9,7942
MMR009,Magway,MMR009D003,Thayet,MMR009017,Sinbaungwe,80375,95.5,3746,38148,37479,98.2,669,45973,42896,93.3,3077,3701,3572,96.5,129,1609,1577,98,32,2092,1995,95.4,97,80420,76803,95.5,3617,36539,35902,98.3,637,43881,40901,93.2,2980
MMR009,Magway,MMR009D004,Pakokku,MMR009018,Pakokku,187281,91.2,18183,86502,82690,95.6,3812,118962,104591,87.9,14371,65303,61635,94.4,3668,27665,26877,97.2,788,37638,34758,92.3,2880,140161,125646,89.6,14515,58837,55813,94.9,3024,81324,69833,85.9,11491
MMR009,Magway,MMR009D004,Pakokku,MMR009019,Yesagyo,142364,93.2,10406,62142,60358,97.1,1784,90628,82006,90.5,8622,16408,15550,94.8,858,6854,6671,97.3,183,9554,8879,92.9,675,136362,126814,93,9548,55288,53687,97.1,1601,81074,73127,90.2,7947
MMR009,Magway,MMR009D004,Pakokku,MMR009020,Myaing,137615,87.4,19793,66120,62462,94.5,3658,91288,75153,82.3,16135,5683,5441,95.7,242,2404,2360,98.2,44,3279,3081,94,198,151725,132174,87.1,19551,63716,60102,94.3,3614,88009,72072,81.9,15937
MMR009,Magway,MMR009D004,Pakokku,MMR009021,Pauk,102702,89.9,11524,49523,46744,94.4,2779,64703,55958,86.5,8745,5323,5160,96.9,163,2204,2171,98.5,33,3119,2989,95.8,130,108903,97542,89.6,11361,47319,44573,94.2,2746,61584,52969,86,8615
MMR009,Magway,MMR009D004,Pakokku,MMR009022,Seikphyu,62737,91.4,5936,29669,28241,95.2,1428,39004,34496,88.4,4508,6628,6473,97.7,155,2817,2782,98.8,35,3811,3691,96.9,120,62045,56264,90.7,5781,26852,25459,94.8,1393,35193,30805,87.5,4388
MMR009,Magway,MMR009D005,Gangaw,MMR009023,Gangaw,90949,96.1,3677,43051,42051,97.7,1000,51575,48898,94.8,2677,10014,9727,97.1,287,4305,4235,98.4,70,5709,5492,96.2,217,84612,81222,96,3390,38746,37816,97.6,930,45866,43406,94.6,2460
MMR009,Magway,MMR009D005,Gangaw,MMR009024,Tilin,35474,97,1111,16498,16220,98.3,278,20087,19254,95.9,833,3197,3046,95.3,151,1391,1356,97.5,35,1806,1690,93.6,116,33388,32428,97.1,960,15107,14864,98.4,243,18281,17564,96.1,717
MMR009,Magway,MMR009D005,Gangaw,MMR009025,Saw,47453,94.3,2891,22714,22045,97.1,669,27630,25408,92,2222,6859,6500,94.8,359,2959,2899,98,60,3900,3601,92.3,299,43485,40953,94.2,2532,19755,19146,96.9,609,23730,21807,91.9,1923
MMR010,Mandalay,MMR010D001,Mandalay,MMR010001,Aungmyaythazan,181740,97.1,5389,84607,83569,98.8,1038,102522,98171,95.8,4351,187129,181740,97.1,5389,84607,83569,98.8,1038,102522,98171,95.8,4351,0,0,,0,0,0,,0,0,0,,0
MMR010,Mandalay,MMR010D001,Mandalay,MMR010002,Chanayethazan,126016,97.9,2747,56133,55605,99.1,528,72630,70411,96.9,2219,128763,126016,97.9,2747,56133,55605,99.1,528,72630,70411,96.9,2219,0,0,,0,0,0,,0,0,0,,0
MMR010,Mandalay,MMR010D001,Mandalay,MMR010003,Mahaaungmyay,164370,96.9,5312,76854,75703,98.5,1151,92828,88667,95.5,4161,169682,164370,96.9,5312,76854,75703,98.5,1151,92828,88667,95.5,4161,0,0,,0,0,0,,0,0,0,,0
MMR010,Mandalay,MMR010D001,Mandalay,MMR010004,Chanmyathazi,194370,96.4,7225,92722,91144,98.3,1578,108873,103226,94.8,5647,201595,194370,96.4,7225,92722,91144,98.3,1578,108873,103226,94.8,5647,0,0,,0,0,0,,0,0,0,,0
MMR010,Mandalay,MMR010D001,Mandalay,MMR010005,Pyigyitagon,156128,96.9,5065,77815,76776,98.7,1039,83378,79352,95.2,4026,161193,156128,96.9,5065,77815,76776,98.7,1039,83378,79352,95.2,4026,0,0,,0,0,0,,0,0,0,,0
MMR010,Mandalay,MMR010D001,Mandalay,MMR010006,Amarapura,159229,95.6,7331,75545,73851,97.8,1694,91015,85378,93.8,5637,57050,55320,97,1730,25627,25290,98.7,337,31423,30030,95.6,1393,109510,103909,94.9,5601,49918,48561,97.3,1357,59592,55348,92.9,4244
MMR010,Mandalay,MMR010D001,Mandalay,MMR010007,Patheingyi,164938,93.5,11550,82344,79769,96.9,2575,94144,85169,90.5,8975,9827,9615,97.8,212,4417,4373,99,44,5410,5242,96.9,168,166661,155323,93.2,11338,77927,75396,96.8,2531,88734,79927,90.1,8807
MMR010,Mandalay,MMR010D002,Pyinoolwin,MMR010008,Pyinoolwin,162450,95.4,7921,81173,79161,97.5,2012,89198,83289,93.4,5909,106070,101997,96.2,4073,50032,49038,98,994,56038,52959,94.5,3079,64301,60453,94,3848,31141,30123,96.7,1018,33160,30330,91.5,2830
MMR010,Mandalay,MMR010D002,Pyinoolwin,MMR010009,Madaya,168740,93.8,11130,82344,79906,97,2438,97526,88834,91.1,8692,17297,16750,96.8,547,7674,7582,98.8,92,9623,9168,95.3,455,162573,151990,93.5,10583,74670,72324,96.9,2346,87903,79666,90.6,8237
MMR010,Mandalay,MMR010D002,Pyinoolwin,MMR010010,Singu,105678,96.8,3511,51256,50363,98.3,893,57933,55315,95.5,2618,5388,5246,97.4,142,2465,2435,98.8,30,2923,2811,96.2,112,103801,100432,96.8,3369,48791,47928,98.2,863,55010,52504,95.4,2506
MMR010,Mandalay,MMR010D002,Pyinoolwin,MMR010011,Mogoke,97530,89.1,11883,51873,47741,92,4132,57540,49789,86.5,7751,53645,49101,91.5,4544,24789,23412,94.4,1377,28856,25689,89,3167,55768,48429,86.8,7339,27084,24329,89.8,2755,28684,24100,84,4584
MMR010,Mandalay,MMR010D002,Pyinoolwin,MMR010012,Thabeikkyin,94132,93.5,6498,49063,47382,96.6,1681,51567,46750,90.7,4817,9080,8576,94.4,504,4231,4113,97.2,118,4849,4463,92,386,91550,85556,93.5,5994,44832,43269,96.5,1563,46718,42287,90.5,4431
MMR010,Mandalay,MMR010D003,Kyaukse,MMR010013,Kyaukse,175922,97.1,5203,83940,82553,98.3,1387,97185,93369,96.1,3816,29580,29214,98.8,366,13278,13187,99.3,91,16302,16027,98.3,275,151545,146708,96.8,4837,70662,69366,98.2,1296,80883,77342,95.6,3541
MMR010,Mandalay,MMR010D003,Kyaukse,MMR010014,Sintgaing,101908,96.5,3654,47860,47102,98.4,758,57702,54806,95,2896,6109,6003,98.3,106,2596,2568,98.9,28,3513,3435,97.8,78,99453,95905,96.4,3548,45264,44534,98.4,730,54189,51371,94.8,2818
MMR010,Mandalay,MMR010D003,Kyaukse,MMR010015,Myittha,129872,93.2,9460,63416,61471,96.9,1945,75916,68401,90.1,7515,14151,13590,96,561,6296,6172,98,124,7855,7418,94.4,437,125181,116282,92.9,8899,57120,55299,96.8,1821,68061,60983,89.6,7078
MMR010,Mandalay,MMR010D003,Kyaukse,MMR010016,Tada-U,95446,94.8,5253,44659,43754,98,905,56040,51692,92.2,4348,9199,8878,96.5,321,4061,3985,98.1,76,5138,4893,95.2,245,91500,86568,94.6,4932,40598,39769,98,829,50902,46799,91.9,4103
MMR010,Mandalay,MMR010D004,Myingyan,MMR010017,Myingyan,187333,93,14002,84625,81986,96.9,2639,116710,105347,90.3,11363,62479,59200,94.8,3279,26176,25587,97.7,589,36303,33613,92.6,2690,138856,128133,92.3,10723,58449,56399,96.5,2050,80407,71734,89.2,8673
MMR010,Mandalay,MMR010D004,Myingyan,MMR010018,Taungtha,142705,93.2,10390,64773,62788,96.9,1985,88322,79917,90.5,8405,12810,12296,96,514,5623,5506,97.9,117,7187,6790,94.5,397,140285,130409,93,9876,59150,57282,96.8,1868,81135,73127,90.1,8008
MMR010,Mandalay,MMR010D004,Myingyan,MMR010019,Natogyi,124005,95.4,6033,56555,55411,98,1144,73483,68594,93.3,4889,9270,8773,94.6,497,4124,4004,97.1,120,5146,4769,92.7,377,120768,115232,95.4,5536,52431,51407,98,1024,68337,63825,93.4,4512
MMR010,Mandalay,MMR010D004,Myingyan,MMR010020,Kyaukpadaung,168092,90.6,17435,77267,74869,96.9,2398,108260,93223,86.1,15037,30794,29961,97.3,833,13438,13317,99.1,121,17356,16644,95.9,712,154733,138131,89.3,16602,63829,61552,96.4,2277,90904,76579,84.2,14325
MMR010,Mandalay,MMR010D004,Myingyan,MMR010021,Ngazun,85230,94,5415,39351,38173,97,1178,51294,47057,91.7,4237,5102,4941,96.8,161,2196,2161,98.4,35,2906,2780,95.7,126,85543,80289,93.9,5254,37155,36012,96.9,1143,48388,44277,91.5,4111
MMR010,Mandalay,MMR010D005,Nyaung-U,MMR010022,Nyaung-U,155906,90.1,17066,74287,71037,95.6,3250,98685,84869,86,13816,37900,36105,95.3,1795,16760,16310,97.3,450,21140,19795,93.6,1345,135072,119801,88.7,15271,57527,54727,95.1,2800,77545,65074,83.9,12471
MMR010,Mandalay,MMR010D006,Yamethin,MMR010023,Yamethin,153793,88.9,19264,77491,74556,96.2,2935,95566,79237,82.9,16329,17909,17111,95.5,798,7848,7692,98,156,10061,9419,93.6,642,155148,136682,88.1,18466,69643,66864,96,2779,85505,69818,81.7,15687
MMR010,Mandalay,MMR010D006,Yamethin,MMR010024,Pyawbwe,165038,89.4,19574,80046,77553,96.9,2493,104566,87485,83.7,17081,22899,21945,95.8,954,9881,9716,98.3,165,13018,12229,93.9,789,161713,143093,88.5,18620,70165,67837,96.7,2328,91548,75256,82.2,16292
MMR010,Mandalay,MMR010D007,Meiktila,MMR010028,Meiktila,193686,91.4,18288,90475,88004,97.3,2471,121499,105682,87,15817,78793,75812,96.2,2981,33638,33180,98.6,458,45155,42632,94.4,2523,133181,117874,88.5,15307,56837,54824,96.5,2013,76344,63050,82.6,13294
MMR010,Mandalay,MMR010D007,Meiktila,MMR010029,Mahlaing,94637,94.8,5240,43004,42316,98.4,688,56873,52321,92,4552,9715,9420,97,295,4119,4075,98.9,44,5596,5345,95.5,251,90162,85217,94.5,4945,38885,38241,98.3,644,51277,46976,91.6,4301
MMR010,Mandalay,MMR010D007,Meiktila,MMR010030,Thazi,127712,92.4,10572,61644,59918,97.2,1726,76640,67794,88.5,8846,15108,14558,96.4,550,6312,6235,98.8,77,8796,8323,94.6,473,123176,113154,91.9,10022,55332,53683,97,1649,67844,59471,87.7,8373
MMR010,Mandalay,MMR010D007,Meiktila,MMR010031,Wundwin,154302,90.6,15931,75661,72444,95.7,3217,94572,81858,86.6,12714,23383,21854,93.5,1529,9927,9564,96.3,363,13456,12290,91.3,1166,146850,132448,90.2,14402,65734,62880,95.7,2854,81116,69568,85.8,11548
MMR011,Mon,MMR011D001,Mawlamyine,MMR011001,Mawlamyine,188989,95.6,8651,87832,85530,97.4,2302,109808,103459,94.2,6349,174987,167410,95.7,7577,78007,76016,97.4,1991,96980,91394,94.2,5586,22653,21579,95.3,1074,9825,9514,96.8,311,12828,12065,94.1,763
MMR011,Mon,MMR011D001,Mawlamyine,MMR011002,Kyaikmaraw,88616,74.6,30155,52284,41512,79.4,10772,66487,47104,70.8,19383,7644,6600,86.3,1044,3219,2905,90.2,314,4425,3695,83.5,730,111127,82016,73.8,29111,49065,38607,78.7,10458,62062,43409,69.9,18653
MMR011,Mon,MMR011D001,Mawlamyine,MMR011003,Chaungzon,75052,89.8,8492,35456,32313,91.1,3143,48088,42739,88.9,5349,5328,5035,94.5,293,2266,2160,95.3,106,3062,2875,93.9,187,78216,70017,89.5,8199,33190,30153,90.8,3037,45026,39864,88.5,5162
MMR011,Mon,MMR011D001,Mawlamyine,MMR011004,Thanbyuzayat,96974,86.1,15592,51167,45367,88.7,5800,61399,51607,84.1,9792,38348,36607,95.5,1741,17398,16858,96.9,540,20950,19749,94.3,1201,74218,60367,81.3,13851,33769,28509,84.4,5260,40449,31858,78.8,8591
MMR011,Mon,MMR011D001,Mawlamyine,MMR011005,Mudon,118008,91.8,10608,56958,52867,92.8,4091,71658,65141,90.9,6517,36991,35346,95.6,1645,16335,15823,96.9,512,20656,19523,94.5,1133,91625,82662,90.2,8963,40623,37044,91.2,3579,51002,45618,89.4,5384
MMR011,Mon,MMR011D001,Mawlamyine,MMR011006,Ye,135575,79.4,35158,78696,66072,84,12624,92037,69503,75.5,22534,35366,30978,87.6,4388,15935,14487,90.9,1448,19431,16491,84.9,2940,135367,104597,77.3,30770,62761,51585,82.2,11176,72606,53012,73,19594
MMR011,Mon,MMR011D002,Thaton,MMR011007,Thaton,128968,85.8,21351,69103,61440,88.9,7663,81216,67528,83.1,13688,37248,34420,92.4,2828,16644,15784,94.8,860,20604,18636,90.4,1968,113071,94548,83.6,18523,52459,45656,87,6803,60612,48892,80.7,11720
MMR011,Mon,MMR011D002,Thaton,MMR011008,Paung,115698,82.3,24893,63875,54615,85.5,9260,76716,61083,79.6,15633,20144,17109,84.9,3035,8968,7795,86.9,1173,11176,9314,83.3,1862,120447,98589,81.9,21858,54907,46820,85.3,8087,65540,51769,79,13771
MMR011,Mon,MMR011D002,Thaton,MMR011009,Kyaikto,103243,93,7752,51158,49034,95.8,2124,59837,54209,90.6,5628,23530,22156,94.2,1374,10445,10076,96.5,369,13085,12080,92.3,1005,87465,81087,92.7,6378,40713,38958,95.7,1755,46752,42129,90.1,4623
MMR011,Mon,MMR011D002,Thaton,MMR011010,Bilin,98795,86.3,15632,52206,46861,89.8,5345,62221,51934,83.5,10287,12329,11783,95.6,546,5479,5351,97.7,128,6850,6432,93.9,418,102098,87012,85.2,15086,46727,41510,88.8,5217,55371,45502,82.2,9869
MMR012,Rakhine,MMR012D001,Sittwe,MMR012001,Sittwe,89663,89,11098,43773,41171,94.1,2602,56988,48492,85.1,8496,70079,63603,90.8,6476,30429,28810,94.7,1619,39650,34793,87.8,4857,30682,26060,84.9,4622,13344,12361,92.6,983,17338,13699,79,3639
MMR012,Rakhine,MMR012D001,Sittwe,MMR012002,Ponnagyun,72206,85.1,12658,36806,34628,94.1,2178,48058,37578,78.2,10480,8806,7840,89,966,3828,3609,94.3,219,4978,4231,85,747,76058,64366,84.6,11692,32978,31019,94.1,1959,43080,33347,77.4,9733
MMR012,Rakhine,MMR012D001,Sittwe,MMR012007,Pauktaw,78703,84.8,14115,40851,38347,93.9,2504,51967,40356,77.7,11611,8642,7822,90.5,820,3781,3569,94.4,212,4861,4253,87.5,608,84176,70881,84.2,13295,37070,34778,93.8,2292,47106,36103,76.6,11003
MMR012,Rakhine,MMR012D001,Sittwe,MMR012008,Rathedaung,59809,83.4,11909,28973,26931,93,2042,42745,32878,76.9,9867,5048,4462,88.4,586,2075,1920,92.5,155,2973,2542,85.5,431,66670,55347,83,11323,26898,25011,93,1887,39772,30336,76.3,9436
MMR012,Rakhine,MMR012D005,Mrauk-U,MMR012003,Mrauk-U,108156,86.2,17252,54072,50428,93.3,3644,71336,57728,80.9,13608,24859,22655,91.1,2204,10768,10290,95.6,478,14091,12365,87.8,1726,100549,85501,85,15048,43304,40138,92.7,3166,57245,45363,79.2,11882
MMR012,Rakhine,MMR012D005,Mrauk-U,MMR012004,Kyauktaw,97524,84.7,17555,48083,44507,92.6,3576,66996,53017,79.1,13979,13992,12664,90.5,1328,5934,5622,94.7,312,8058,7042,87.4,1016,101087,84860,83.9,16227,42149,38885,92.3,3264,58938,45975,78,12963
MMR012,Rakhine,MMR012D005,Mrauk-U,MMR012005,Minbya,88485,81.6,19907,47368,42694,90.1,4674,61024,45791,75,15233,15512,13021,83.9,2491,6709,5959,88.8,750,8803,7062,80.2,1741,92880,75464,81.2,17416,40659,36735,90.3,3924,52221,38729,74.2,13492
MMR012,Rakhine,MMR012D005,Mrauk-U,MMR012006,Myebon,67781,77.4,19755,40022,36341,90.8,3681,47514,31440,66.2,16074,7568,5972,78.9,1596,3304,2812,85.1,492,4264,3160,74.1,1104,79968,61809,77.3,18159,36718,33529,91.3,3189,43250,28280,65.4,14970
MMR012,Rakhine,MMR012D002,Maungdaw,MMR012009,Maungdaw,15865,65,8546,11456,8204,71.6,3252,12955,7661,59.1,5294,8253,6802,82.4,1451,3718,3247,87.3,471,4535,3555,78.4,980,16158,9063,56.1,7095,7738,4957,64.1,2781,8420,4106,48.8,4314
MMR012,Rakhine,MMR012D002,Maungdaw,MMR012010,Buthidaung,22929,69.5,10056,14682,11341,77.2,3341,18303,11588,63.3,6715,6653,5705,85.8,948,2730,2484,91,246,3923,3221,82.1,702,26332,17224,65.4,9108,11952,8857,74.1,3095,14380,8367,58.2,6013
MMR012,Rakhine,MMR012D003,Kyaukpyu,MMR012011,Kyaukpyu,82320,76.8,24808,47341,42740,90.3,4601,59787,39580,66.2,20207,14263,12929,90.6,1334,6300,5988,95,312,7963,6941,87.2,1022,92865,69391,74.7,23474,41041,36752,89.5,4289,51824,32639,63,19185
MMR012,Rakhine,MMR012D003,Kyaukpyu,MMR012012,Munaung,40576,93.8,2674,17773,17168,96.6,605,25477,23408,91.9,2069,3954,3832,96.9,122,1602,1573,98.2,29,2352,2259,96,93,39296,36744,93.5,2552,16171,15595,96.4,576,23125,21149,91.5,1976
MMR012,Rakhine,MMR012D003,Kyaukpyu,MMR012013,Ramree,60109,88.2,8008,29298,27557,94.1,1741,38819,32552,83.9,6267,7090,6451,91,639,2982,2853,95.7,129,4108,3598,87.6,510,61027,53658,87.9,7369,26316,24704,93.9,1612,34711,28954,83.4,5757
MMR012,Rakhine,MMR012D003,Kyaukpyu,MMR012014,Ann,60257,79,16060,35624,31337,88,4287,40693,28920,71.1,11773,5519,4940,89.5,579,2485,2328,93.7,157,3034,2612,86.1,422,70798,55317,78.1,15481,33139,29009,87.5,4130,37659,26308,69.9,11351
MMR012,Rakhine,MMR012D004,Thandwe,MMR012015,Thandwe,88725,93.6,6093,44198,42431,96,1767,50620,46294,91.5,4326,10674,10393,97.4,281,4668,4603,98.6,65,6006,5790,96.4,216,84144,78332,93.1,5812,39530,37828,95.7,1702,44614,40504,90.8,4110
MMR012,Rakhine,MMR012D004,Thandwe,MMR012016,Toungup,98169,90.4,10439,50598,47955,94.8,2643,58010,50214,86.6,7796,24391,22796,93.5,1595,10964,10560,96.3,404,13427,12236,91.1,1191,84217,75373,89.5,8844,39634,37395,94.4,2239,44583,37978,85.2,6605
MMR012,Rakhine,MMR012D004,Thandwe,MMR012017,Gwa,47018,95.8,2083,23716,23053,97.2,663,25385,23965,94.4,1420,11254,10854,96.4,400,5225,5109,97.8,116,6029,5745,95.3,284,37847,36164,95.6,1683,18491,17944,97,547,19356,18220,94.1,1136
MMR013,Yangon,MMR013D001,Yangon (North),MMR013001,Insein,210536,97.7,4896,97031,95861,98.8,1170,118401,114675,96.9,3726,215432,210536,97.7,4896,97031,95861,98.8,1170,118401,114675,96.9,3726,,,,,,,,,,,,
MMR013,Yangon,MMR013D001,Yangon (North),MMR013002,Mingaladon,216350,97.9,4586,99745,98709,99,1036,121191,117641,97.1,3550,140720,138184,98.2,2536,63342,62779,99.1,563,77378,75405,97.5,1973,80216,78166,97.4,2050,36403,35930,98.7,473,43813,42236,96.4,1577
MMR013,Yangon,MMR013D001,Yangon (North),MMR013003,Hmawbi,158761,95.2,8030,78143,75892,97.1,2251,88648,82869,93.5,5779,19058,18451,96.8,607,8559,8434,98.5,125,10499,10017,95.4,482,147733,140310,95,7423,69584,67458,96.9,2126,78149,72852,93.2,5297
MMR013,Yangon,MMR013D001,Yangon (North),MMR013004,Hlegu,164293,93.9,10684,82189,78955,96.1,3234,92788,85338,92,7450,29279,28358,96.9,921,13105,12886,98.3,219,16174,15472,95.7,702,145698,135935,93.3,9763,69084,66069,95.6,3015,76614,69866,91.2,6748
MMR013,Yangon,MMR013D001,Yangon (North),MMR013005,Taikkyi,181410,94.1,11411,90013,86968,96.6,3045,102808,94442,91.9,8366,61957,58879,95,3078,28355,27597,97.3,758,33602,31282,93.1,2320,130864,122531,93.6,8333,61658,59371,96.3,2287,69206,63160,91.3,6046
MMR013,Yangon,MMR013D001,Yangon (North),MMR013006,Htantabin,96423,95.6,4425,48161,46993,97.6,1168,52687,49430,93.8,3257,6441,5993,93,448,2959,2848,96.2,111,3482,3145,90.3,337,94407,90430,95.8,3977,45202,44145,97.7,1057,49205,46285,94.1,2920
MMR013,Yangon,MMR013D001,Yangon (North),MMR013007,Shwepyithar,237694,96.9,7591,113143,111223,98.3,1920,132142,126471,95.7,5671,199611,193650,97,5961,92746,91262,98.4,1484,106865,102388,95.8,4477,45674,44044,96.4,1630,20397,19961,97.9,436,25277,24083,95.3,1194
MMR013,Yangon,MMR013D001,Yangon (North),MMR013008,Hlaingtharya,484811,96.8,16144,228661,224528,98.2,4133,272294,260283,95.6,12011,360425,349836,97.1,10589,162654,160047,98.4,2607,197771,189789,96,7982,140530,134975,96,5555,66007,64481,97.7,1526,74523,70494,94.6,4029
MMR013,Yangon,MMR013D002,Yangon (East),MMR013009,Thingangyun,155551,96.9,4919,72285,71026,98.3,1259,88185,84525,95.8,3660,160470,155551,96.9,4919,72285,71026,98.3,1259,88185,84525,95.8,3660,,,,,,,,,,,,
MMR013,Yangon,MMR013D002,Yangon (East),MMR013010,Yankin,53263,97.6,1304,23549,23254,98.7,295,31018,30009,96.7,1009,54567,53263,97.6,1304,23549,23254,98.7,295,31018,30009,96.7,1009,,,,,,,,,,,,
MMR013,Yangon,MMR013D002,Yangon (East),MMR013011,South Okkalapa,123366,98.3,2094,55848,55419,99.2,429,69612,67947,97.6,1665,125460,123366,98.3,2094,55848,55419,99.2,429,69612,67947,97.6,1665,,,,,,,,,,,,
MMR013,Yangon,MMR013D002,Yangon (East),MMR013012,North Okkalapa,240049,97.8,5431,112082,110821,98.9,1261,133398,129228,96.9,4170,245480,240049,97.8,5431,112082,110821,98.9,1261,133398,129228,96.9,4170,,,,,,,,,,,,
MMR013,Yangon,MMR013D002,Yangon (East),MMR013013,Thaketa,164396,97.4,4410,78483,77513,98.8,970,90323,86883,96.2,3440,168806,164396,97.4,4410,78483,77513,98.8,970,90323,86883,96.2,3440,,,,,,,,,,,,
MMR013,Yangon,MMR013D002,Yangon (East),MMR013014,Dawbon,52944,95.7,2368,25763,25125,97.5,638,29549,27819,94.1,1730,55312,52944,95.7,2368,25763,25125,97.5,638,29549,27819,94.1,1730,,,,,,,,,,,,
MMR013,Yangon,MMR013D002,Yangon (East),MMR013015,Tamwe,126190,98.4,2034,54805,54362,99.2,443,73419,71828,97.8,1591,128224,126190,98.4,2034,54805,54362,99.2,443,73419,71828,97.8,1591,,,,,,,,,,,,
MMR013,Yangon,MMR013D002,Yangon (East),MMR013016,Pazundaung,36539,97.8,814,15952,15785,99,167,21401,20754,97,647,37353,36539,97.8,814,15952,15785,99,167,21401,20754,97,647,,,,,,,,,,,,
MMR013,Yangon,MMR013D002,Yangon (East),MMR013017,Botahtaung,29312,98.3,507,13063,12953,99.2,110,16756,16359,97.6,397,29819,29312,98.3,507,13063,12953,99.2,110,16756,16359,97.6,397,,,,,,,,,,,,
MMR013,Yangon,MMR013D002,Yangon (East),MMR013018,Dagon Myothit (South),255178,95.6,11823,125721,122573,97.5,3148,141280,132605,93.9,8675,267001,255178,95.6,11823,125721,122573,97.5,3148,141280,132605,93.9,8675,,,,,,,,,,,,
MMR013,Yangon,MMR013D002,Yangon (East),MMR013019,Dagon Myothit (North),156667,98.3,2779,73304,72603,99,701,86142,84064,97.6,2078,159446,156667,98.3,2779,73304,72603,99,701,86142,84064,97.6,2078,,,,,,,,,,,,
MMR013,Yangon,MMR013D002,Yangon (East),MMR013020,Dagon Myothit (East),111362,96.2,4370,54458,53279,97.8,1179,61274,58083,94.8,3191,109684,105990,96.6,3694,51534,50572,98.1,962,58150,55418,95.3,2732,6048,5372,88.8,676,2924,2707,92.6,217,3124,2665,85.3,459
MMR013,Yangon,MMR013D002,Yangon (East),MMR013021,Dagon Myothit (Seikkan),110472,94.9,5909,55843,54083,96.8,1760,60538,56389,93.1,4149,104813,99848,95.3,4965,50188,48695,97,1493,54625,51153,93.6,3472,11568,10624,91.8,944,5655,5388,95.3,267,5913,5236,88.6,677
MMR013,Yangon,MMR013D002,Yangon (East),MMR013022,Mingalartaungnyunt,97581,97.6,2352,45041,44482,98.8,559,54892,53099,96.7,1793,99933,97581,97.6,2352,45041,44482,98.8,559,54892,53099,96.7,1793,,,,,,,,,,,,
MMR013,Yangon,MMR013D003,Yangon (South),MMR013023,Thanlyin,182537,97.4,4868,87552,86084,98.3,1468,99853,96453,96.6,3400,62281,61209,98.3,1072,28424,28121,98.9,303,33857,33088,97.7,769,125124,121328,97,3796,59128,57963,98,1165,65996,63365,96,2631
MMR013,Yangon,MMR013D003,Yangon (South),MMR013024,Kyauktan,114208,95.1,5934,56389,54470,96.6,1919,63753,59738,93.7,4015,37237,35818,96.2,1419,16968,16562,97.6,406,20269,19256,95,1013,82905,78390,94.6,4515,39421,37908,96.2,1513,43484,40482,93.1,3002
MMR013,Yangon,MMR013D003,Yangon (South),MMR013025,Thongwa,104935,93.3,7555,51841,49438,95.4,2403,60649,55497,91.5,5152,20591,18901,91.8,1690,9215,8673,94.1,542,11376,10228,89.9,1148,91899,86034,93.6,5865,42626,40765,95.6,1861,49273,45269,91.9,4004
MMR013,Yangon,MMR013D003,Yangon (South),MMR013026,Kayan,107931,96.7,3662,51362,50418,98.2,944,60231,57513,95.5,2718,23547,22527,95.7,1020,10437,10197,97.7,240,13110,12330,94.1,780,88046,85404,97,2642,40925,40221,98.3,704,47121,45183,95.9,1938
MMR013,Yangon,MMR013D003,Yangon (South),MMR013027,Twantay,146178,94.5,8444,73704,70902,96.2,2802,80918,75276,93,5642,30115,29329,97.4,786,13894,13678,98.4,216,16221,15651,96.5,570,124507,116849,93.8,7658,59810,57224,95.7,2586,64697,59625,92.2,5072
MMR013,Yangon,MMR013D003,Yangon (South),MMR013028,Kawhmu,77712,94.7,4320,38618,37186,96.3,1432,43414,40526,93.3,2888,6274,6143,97.9,131,2852,2820,98.9,32,3422,3323,97.1,99,75758,71569,94.5,4189,35766,34366,96.1,1400,39992,37203,93,2789
MMR013,Yangon,MMR013D003,Yangon (South),MMR013029,Kungyangon,76762,98.8,932,36437,36155,99.2,282,41257,40607,98.4,650,11944,11863,99.3,81,5408,5381,99.5,27,6536,6482,99.2,54,65750,64899,98.7,851,31029,30774,99.2,255,34721,34125,98.3,596
MMR013,Yangon,MMR013D003,Yangon (South),MMR013030,Dala,112417,93.1,8324,57272,54772,95.6,2500,63469,57645,90.8,5824,83399,77561,93,5838,39385,37753,95.9,1632,44014,39808,90.4,4206,37342,34856,93.3,2486,17887,17019,95.1,868,19455,17837,91.7,1618
MMR013,Yangon,MMR013D003,Yangon (South),MMR013031,Seikgyikanaungto,22429,97,691,11164,10998,98.5,166,11956,11431,95.6,525,23120,22429,97,691,11164,10998,98.5,166,11956,11431,95.6,525,,,,,,,,,,,,
MMR013,Yangon,MMR013D003,Yangon (South),MMR013032,Cocokyun,762,93.4,54,426,407,95.5,19,390,355,91,35,816,762,93.4,54,426,407,95.5,19,390,355,91,35,,,,,,,,,,,,
MMR013,Yangon,MMR013D004,Yangon (West),MMR013033,Kyauktada,21251,97.9,446,9207,9126,99.1,81,12490,12125,97.1,365,21697,21251,97.9,446,9207,9126,99.1,81,12490,12125,97.1,365,,,,,,,,,,,,
MMR013,Yangon,MMR013D004,Yangon (West),MMR013034,Pabedan,24816,97.6,612,11107,10977,98.8,130,14321,13839,96.6,482,25428,24816,97.6,612,11107,10977,98.8,130,14321,13839,96.6,482,,,,,,,,,,,,
MMR013,Yangon,MMR013D004,Yangon (West),MMR013035,Lanmadaw,30928,98.7,421,12761,12667,99.3,94,18588,18261,98.2,327,31349,30928,98.7,421,12761,12667,99.3,94,18588,18261,98.2,327,,,,,,,,,,,,
MMR013,Yangon,MMR013D004,Yangon (West),MMR013036,Latha,15323,97.7,363,6429,6366,99,63,9257,8957,96.8,300,15686,15323,97.7,363,6429,6366,99,63,9257,8957,96.8,300,,,,,,,,,,,,
MMR013,Yangon,MMR013D004,Yangon (West),MMR013037,Ahlone,39471,98.5,607,17110,16980,99.2,130,22968,22491,97.9,477,40078,39471,98.5,607,17110,16980,99.2,130,22968,22491,97.9,477,,,,,,,,,,,,
MMR013,Yangon,MMR013D004,Yangon (West),MMR013038,Kyeemyindaing,79284,96.2,3146,36864,36065,97.8,799,45566,43219,94.8,2347,82430,79284,96.2,3146,36864,36065,97.8,799,45566,43219,94.8,2347,,,,,,,,,,,,
MMR013,Yangon,MMR013D004,Yangon (West),MMR013039,Sanchaung,72168,98.8,886,30018,29823,99.4,195,43036,42345,98.4,691,73054,72168,98.8,886,30018,29823,99.4,195,43036,42345,98.4,691,,,,,,,,,,,,
MMR013,Yangon,MMR013D004,Yangon (West),MMR013040,Hlaing,118307,98.2,2177,53552,53050,99.1,502,66932,65257,97.5,1675,120484,118307,98.2,2177,53552,53050,99.1,502,66932,65257,97.5,1675,,,,,,,,,,,,
MMR013,Yangon,MMR013D004,Yangon (West),MMR013041,Kamaryut,60856,99.1,579,25541,25420,99.5,121,35894,35436,98.7,458,61435,60856,99.1,579,25541,25420,99.5,121,35894,35436,98.7,458,,,,,,,,,,,,
MMR013,Yangon,MMR013D004,Yangon (West),MMR013042,Mayangone,141169,98.2,2643,64245,63661,99.1,584,79567,77508,97.4,2059,143812,141169,98.2,2643,64245,63661,99.1,584,79567,77508,97.4,2059,,,,,,,,,,,,
MMR013,Yangon,MMR013D004,Yangon (West),MMR013043,Dagon,16444,98.8,201,6898,6860,99.4,38,9747,9584,98.3,163,16645,16444,98.8,201,6898,6860,99.4,38,9747,9584,98.3,163,,,,,,,,,,,,
MMR013,Yangon,MMR013D004,Yangon (West),MMR013044,Bahan,64735,98.7,875,27864,27706,99.4,158,37746,37029,98.1,717,65610,64735,98.7,875,27864,27706,99.4,158,37746,37029,98.1,717,,,,,,,,,,,,
MMR013,Yangon,MMR013D004,Yangon (West),MMR013045,Seikkan,1542,99.2,12,780,776,99.5,4,774,766,99,8,1554,1542,99.2,12,780,776,99.5,4,774,766,99,8,,,,,,,,,,,,
MMR222,Shan,MMR014D001,Taunggyi,MMR014001,Taunggyi,263356,88.9,32789,137507,129514,94.2,7993,158638,133842,84.4,24796,185131,175272,94.7,9859,83880,81894,97.6,1986,101251,93378,92.2,7873,111014,88084,79.3,22930,53627,47620,88.8,6007,57387,40464,70.5,16923
MMR222,Shan,MMR014D001,Taunggyi,MMR014002,Nyaungshwe,114497,89.4,13587,61746,58261,94.4,3485,66338,56236,84.8,10102,10685,10368,97,317,5035,4970,98.7,65,5650,5398,95.5,252,117399,104129,88.7,13270,56711,53291,94,3420,60688,50838,83.8,9850
MMR222,Shan,MMR014D001,Taunggyi,MMR014003,Hopong,51833,74.1,18151,32555,27377,84.1,5178,37429,24456,65.3,12973,13310,11633,87.4,1677,6023,5753,95.5,270,7287,5880,80.7,1407,56674,40200,70.9,16474,26532,21624,81.5,4908,30142,18576,61.6,11566
MMR222,Shan,MMR014D001,Taunggyi,MMR014004,Hsihseng,73789,77.9,20899,45067,39141,86.9,5926,49621,34648,69.8,14973,7595,6629,87.3,966,3538,3285,92.8,253,4057,3344,82.4,713,87093,67160,77.1,19933,41529,35856,86.3,5673,45564,31304,68.7,14260
MMR222,Shan,MMR014D001,Taunggyi,MMR014005,Kalaw,108762,86.7,16623,60249,56431,93.7,3818,65136,52331,80.3,12805,39962,37669,94.3,2293,18608,18203,97.8,405,21354,19466,91.2,1888,85423,71093,83.2,14330,41641,38228,91.8,3413,43782,32865,75.1,10917
MMR222,Shan,MMR014D001,Taunggyi,MMR014006,Pindaya,49507,93.4,3486,24675,23824,96.6,851,28318,25683,90.7,2635,7234,7116,98.4,118,3153,3136,99.5,17,4081,3980,97.5,101,45759,42391,92.6,3368,21522,20688,96.1,834,24237,21703,89.5,2534
MMR222,Shan,MMR014D001,Taunggyi,MMR014007,Ywangan,50604,93.2,3694,26348,25221,95.7,1127,27950,25383,90.8,2567,3152,3023,95.9,129,1449,1419,97.9,30,1703,1604,94.2,99,51146,47581,93,3565,24899,23802,95.6,1097,26247,23779,90.6,2468
MMR222,Shan,MMR014D001,Taunggyi,MMR014008,Lawksawk,87223,82.8,18153,51373,45461,88.5,5912,54003,41762,77.3,12241,23685,21804,92.1,1881,11067,10501,94.9,566,12618,11303,89.6,1315,81691,65419,80.1,16272,40306,34960,86.7,5346,41385,30459,73.6,10926
MMR222,Shan,MMR014D001,Taunggyi,MMR014009,Pinlaung,101245,79.5,26038,61021,55227,90.5,5794,66262,46018,69.4,20244,11919,10929,91.7,990,5567,5415,97.3,152,6352,5514,86.8,838,115364,90316,78.3,25048,55454,49812,89.8,5642,59910,40504,67.6,19406
MMR222,Shan,MMR014D001,Taunggyi,MMR014010,Pekon,50542,80.8,12022,30745,26848,87.3,3897,31819,23694,74.5,8125,10731,9696,90.4,1035,5106,4813,94.3,293,5625,4883,86.8,742,51833,40846,78.8,10987,25639,22035,85.9,3604,26194,18811,71.8,7383
MMR222,Shan,MMR014D002,Loilen,MMR014011,Loilen,53065,67.9,25091,35727,28485,79.7,7242,42429,24580,57.9,17849,26796,22307,83.2,4489,12091,10985,90.9,1106,14705,11322,77,3383,51360,30758,59.9,20602,23636,17500,74,6136,27724,13258,47.8,14466
MMR222,Shan,MMR014D002,Loilen,MMR014012,Laihka,21008,62.6,12526,15603,10992,70.4,4611,17931,10016,55.9,7915,5616,4710,83.9,906,2505,2228,88.9,277,3111,2482,79.8,629,27918,16298,58.4,11620,13098,8764,66.9,4334,14820,7534,50.8,7286
MMR222,Shan,MMR014D002,Loilen,MMR014013,Nansang,47282,64.3,26241,35439,25208,71.1,10231,38084,22074,58,16010,21472,17633,82.1,3839,10071,8812,87.5,1259,11401,8821,77.4,2580,52051,29649,57,22402,25368,16396,64.6,8972,26683,13253,49.7,13430
MMR222,Shan,MMR014D002,Loilen,MMR014014,Kunhing,19913,56,15648,16645,10765,64.7,5880,18916,9148,48.4,9768,10404,7389,71,3015,4800,3888,81,912,5604,3501,62.5,2103,25157,12524,49.8,12633,11845,6877,58.1,4968,13312,5647,42.4,7665
MMR222,Shan,MMR014D002,Loilen,MMR014015,Kyethi,23989,50.9,23149,21375,12522,58.6,8853,25763,11467,44.5,14296,5509,3498,63.5,2011,2586,1830,70.8,756,2923,1668,57.1,1255,41629,20491,49.2,21138,18789,10692,56.9,8097,22840,9799,42.9,13041
MMR222,Shan,MMR014D002,Loilen,MMR014016,Mongkaing,18704,38.3,30143,22168,10711,48.3,11457,26679,7993,30,18686,6947,4227,60.8,2720,3199,2169,67.8,1030,3748,2058,54.9,1690,41900,14477,34.6,27423,18969,8542,45,10427,22931,5935,25.9,16996
MMR222,Shan,MMR014D002,Loilen,MMR014017,Monghsu,25292,54.7,20973,21834,13712,62.8,8122,24431,11580,47.4,12851,7841,5144,65.6,2697,3644,2696,74,948,4197,2448,58.3,1749,38424,20148,52.4,18276,18190,11016,60.6,7174,20234,9132,45.1,11102
MMR222,Shan,MMR014D003,Langkho,MMR014018,Langkho,18119,61.8,11186,14026,9478,67.6,4548,15279,8641,56.6,6638,7349,5856,79.7,1493,3518,2916,82.9,602,3831,2940,76.7,891,21956,12263,55.9,9693,10508,6562,62.4,3946,11448,5701,49.8,5747
MMR222,Shan,MMR014D003,Langkho,MMR014019,Mongnai,15320,60.2,10137,12107,8189,67.6,3918,13350,7131,53.4,6219,12929,9273,71.7,3656,6147,4863,79.1,1284,6782,4410,65,2372,12528,6047,48.3,6481,5960,3326,55.8,2634,6568,2721,41.4,3847
MMR222,Shan,MMR014D003,Langkho,MMR014020,Mawkmai,10956,52.6,9888,9855,6410,65,3445,10989,4546,41.4,6443,3745,2903,77.5,842,1796,1469,81.8,327,1949,1434,73.6,515,17099,8053,47.1,9046,8059,4941,61.3,3118,9040,3112,34.4,5928
MMR222,Shan,MMR014D003,Langkho,MMR014021,Mongpan,9528,56.3,7403,8392,5373,64,3019,8539,4155,48.7,4384,6305,4732,75.1,1573,3041,2480,81.6,561,3264,2252,69,1012,10626,4796,45.1,5830,5351,2893,54.1,2458,5275,1903,36.1,3372
MMR222,Shan,MMR015D001,Lashio,MMR015001,Lashio,151383,71.7,59802,98657,74474,75.5,24183,112528,76909,68.3,35619,115785,100671,86.9,15114,52522,47521,90.5,5001,63263,53150,84,10113,95400,50712,53.2,44688,46135,26953,58.4,19182,49265,23759,48.2,25506
MMR222,Shan,MMR015D001,Lashio,MMR015002,Hseni,23714,65,12758,17598,12025,68.3,5573,18874,11689,61.9,7185,6278,5328,84.9,950,2871,2531,88.2,340,3407,2797,82.1,610,30194,18386,60.9,11808,14727,9494,64.5,5233,15467,8892,57.5,6575
MMR222,Shan,MMR015D001,Lashio,MMR015003,Mongyai,20607,52.3,18805,18075,10727,59.3,7348,21337,9880,46.3,11457,4636,3402,73.4,1234,2134,1676,78.5,458,2502,1726,69,776,34776,17205,49.5,17571,15941,9051,56.8,6890,18835,8154,43.3,10681
MMR222,Shan,MMR015D001,Lashio,MMR015004,Tangyan,44155,40.6,64703,50773,24268,47.8,26505,58085,19887,34.2,38198,20741,12464,60.1,8277,9341,6436,68.9,2905,11400,6028,52.9,5372,88117,31691,36,56426,41432,17832,43,23600,46685,13859,29.7,32826
MMR222,Shan,MMR015D002,Muse,MMR015009,Muse,82661,75.5,26809,53417,41955,78.5,11462,56053,40706,72.6,15347,59093,48946,82.8,10147,28580,24482,85.7,4098,30513,24464,80.2,6049,50377,33715,66.9,16662,24837,17473,70.4,7364,25540,16242,63.6,9298
MMR222,Shan,MMR015D002,Muse,MMR015010,Namhkan,52580,72.8,19615,33671,26731,79.4,6940,38524,25849,67.1,12675,20987,18271,87.1,2716,9399,8575,91.2,824,11588,9696,83.7,1892,51208,34309,67,16899,24272,18156,74.8,6116,26936,16153,60,10783
MMR222,Shan,MMR015D002,Muse,MMR015011,Kutkai,68704,63.9,38761,52888,36411,68.8,16477,54577,32293,59.2,22284,25364,20752,81.8,4612,12111,10350,85.5,1761,13253,10402,78.5,2851,82101,47952,58.4,34149,40777,26061,63.9,14716,41324,21891,53,19433
MMR222,Shan,MMR015D003,Kyaukme,MMR015012,Kyaukme,85347,75.5,27630,51834,42274,81.6,9560,61143,43073,70.4,18070,30754,28076,91.3,2678,13793,13103,95,690,16961,14973,88.3,1988,82223,57271,69.7,24952,38041,29171,76.7,8870,44182,28100,63.6,16082
MMR222,Shan,MMR015D003,Kyaukme,MMR015013,Nawnghkio,90112,91.4,8507,47633,44929,94.3,2704,50986,45183,88.6,5803,12983,12353,95.1,630,6025,5827,96.7,198,6958,6526,93.8,432,85636,77759,90.8,7877,41608,39102,94,2506,44028,38657,87.8,5371
MMR222,Shan,MMR015D003,Kyaukme,MMR015014,Hsipaw,79215,67.5,38185,55011,40222,73.1,14789,62389,38993,62.5,23396,14049,13053,92.9,996,6294,6047,96.1,247,7755,7006,90.3,749,103351,66162,64,37189,48717,34175,70.2,14542,54634,31987,58.5,22647
MMR222,Shan,MMR015D003,Kyaukme,MMR015015,Namtu,22180,67.5,10698,15333,11006,71.8,4327,17545,11174,63.7,6371,8893,7702,86.6,1191,3839,3514,91.5,325,5054,4188,82.9,866,23985,14478,60.4,9507,11494,7492,65.2,4002,12491,6986,55.9,5505
MMR222,Shan,MMR015D003,Kyaukme,MMR015016,Namhsan,32011,73.7,11424,18927,15603,82.4,3324,24508,16408,66.9,8100,2659,2489,93.6,170,1120,1083,96.7,37,1539,1406,91.4,133,40776,29522,72.4,11254,17807,14520,81.5,3287,22969,15002,65.3,7967
MMR222,Shan,MMR015D003,Kyaukme,MMR015017,Mongmit,37380,91.5,3485,19274,18058,93.7,1216,21591,19322,89.5,2269,7172,6943,96.8,229,3114,3061,98.3,53,4058,3882,95.7,176,33693,30437,90.3,3256,16160,14997,92.8,1163,17533,15440,88.1,2093
MMR222,Shan,MMR015D003,Kyaukme,MMR015018,Mabein,28241,97.8,638,14152,14010,99,142,14727,14231,96.6,496,2339,2308,98.7,31,1081,1072,99.2,9,1258,1236,98.3,22,26540,25933,97.7,607,13071,12938,99,133,13469,12995,96.5,474
MMR222,Shan,MMR015D003,Kyaukme,MMR015019,Manton,12915,56,10136,10658,7157,67.2,3501,12393,5758,46.5,6635,2261,1866,82.5,395,999,884,88.5,115,1262,982,77.8,280,20790,11049,53.1,9741,9659,6273,64.9,3386,11131,4776,42.9,6355
MMR222,Shan,MMR015D004,Kunlong,MMR015020,Kunlong,14066,41.9,19513,17234,8321,48.3,8913,16345,5745,35.1,10600,3577,2614,73.1,963,1712,1348,78.7,364,1865,1266,67.9,599,30002,11452,38.2,18550,15522,6973,44.9,8549,14480,4479,30.9,10001
MMR222,Shan,MMR015D005,Laukkaing,MMR015022,Laukkaing,26751,49.7,27027,27886,16070,57.6,11816,25892,10681,41.3,15211,12266,9151,74.6,3115,6202,5028,81.1,1174,6064,4123,68,1941,41512,17600,42.4,23912,21684,11042,50.9,10642,19828,6558,33.1,13270
MMR222,Shan,MMR015D005,Laukkaing,MMR015023,Konkyan,10109,26.8,27552,19614,6585,33.6,13029,18047,3524,19.5,14523,825,578,70.1,247,395,314,79.5,81,430,264,61.4,166,36836,9531,25.9,27305,19219,6271,32.6,12948,17617,3260,18.5,14357
MMR222,Shan,MMR015D006,Hopang,MMR015021,Hopang,14861,38.8,23457,19371,8405,43.4,10966,18947,6456,34.1,12491,12988,7523,57.9,5465,6366,4079,64.1,2287,6622,3444,52,3178,25330,7338,29,17992,13005,4326,33.3,8679,12325,3012,24.4,9313
MMR222,Shan,MMR015D006,Hopang,MMR015008,Mongmao,9440,22.1,33331,21933,5684,25.9,16249,20838,3756,18,17082,3269,1858,56.8,1411,1628,1014,62.3,614,1641,844,51.4,797,39502,7582,19.2,31920,20305,4670,23,15635,19197,2912,15.2,16285
MMR222,Shan,MMR015D006,Hopang,MMR015007,Pangwaun,10882,18.5,47843,29670,6409,21.6,23261,29055,4473,15.4,24582,1981,911,46,1070,1016,496,48.8,520,965,415,43,550,56744,9971,17.6,46773,28654,5913,20.6,22741,28090,4058,14.4,24032
MMR222,Shan,MMR015D007,Matman,MMR015024,Matman,2600,23.3,8557,5504,1691,30.7,3813,5653,909,16.1,4744,188,152,80.9,36,105,91,86.7,14,83,61,73.5,22,10969,2448,22.3,8521,5399,1600,29.6,3799,5570,848,15.2,4722
MMR222,Shan,MMR015D007,Matman,MMR015005,Pangsang,19530,35.2,35881,27571,11798,42.8,15773,27840,7732,27.8,20108,7649,6002,78.5,1647,3798,3154,83,644,3851,2848,74,1003,47762,13528,28.3,34234,23773,8644,36.4,15129,23989,4884,20.4,19105
MMR222,Shan,MMR015D007,Matman,MMR015006,Narphan,11952,17,58298,35641,7193,20.2,28448,34609,4759,13.8,29850,683,290,42.5,393,338,148,43.8,190,345,142,41.2,203,69567,11662,16.8,57905,35303,7045,20,28258,34264,4617,13.5,29647
MMR222,Shan,MMR016D001,Kengtung,MMR016001,Kengtung,58487,53.3,51250,53545,31351,58.6,22194,56192,27136,48.3,29056,29879,23321,78.1,6558,13833,11581,83.7,2252,16046,11740,73.2,4306,79858,35166,44,44692,39712,19770,49.8,19942,40146,15396,38.4,24750
MMR222,Shan,MMR016D001,Kengtung,MMR016002,Mongkhet,3184,11.5,24610,13891,1975,14.2,11916,13903,1209,8.7,12694,1586,1219,76.9,367,783,659,84.2,124,803,560,69.7,243,26208,1965,7.5,24243,13108,1316,10,11792,13100,649,5,12451
MMR222,Shan,MMR016D001,Kengtung,MMR016003,Mongyang,16427,23.4,53809,35273,10327,29.3,24946,34963,6100,17.4,28863,3212,2201,68.5,1011,1616,1237,76.5,379,1596,964,60.4,632,67024,14226,21.2,52798,33657,9090,27,24567,33367,5136,15.4,28231
MMR222,Shan,MMR016D001,Kengtung,MMR016005,Mongla,8168,41.1,11691,9827,5187,52.8,4640,10032,2981,29.7,7051,6647,4097,61.6,2550,3333,2331,69.9,1002,3314,1766,53.3,1548,13212,4071,30.8,9141,6494,2856,44,3638,6718,1215,18.1,5503
MMR222,Shan,MMR016D002,Monghsat,MMR016006,Monghsat,18205,31.7,39276,29303,10476,35.8,18827,28178,7729,27.4,20449,5745,4368,76,1377,2840,2255,79.4,585,2905,2113,72.7,792,51736,13837,26.7,37899,26463,8221,31.1,18242,25273,5616,22.2,19657
MMR222,Shan,MMR016D002,Monghsat,MMR016007,Mongping,12152,29.6,28963,20187,7054,34.9,13133,20928,5098,24.4,15830,5403,3783,70,1620,2507,1952,77.9,555,2896,1831,63.2,1065,35712,8369,23.4,27343,17680,5102,28.9,12578,18032,3267,18.1,14765
MMR222,Shan,MMR016D002,Monghsat,MMR016008,Mongton,15721,40.2,23409,20573,9304,45.2,11269,18557,6417,34.6,12140,6085,4376,71.9,1709,3149,2365,75.1,784,2936,2011,68.5,925,33045,11345,34.3,21700,17424,6939,39.8,10485,15621,4406,28.2,11215
MMR222,Shan,MMR016D003,Tachileik,MMR016009,Tachileik,75990,63.2,44190,59057,40275,68.2,18782,61123,35715,58.4,25408,41451,34558,83.4,6893,19610,17241,87.9,2369,21841,17317,79.3,4524,78729,41432,52.6,37297,39447,23034,58.4,16413,39282,18398,46.8,20884
MMR222,Shan,MMR016D004,Monghpyak,MMR016010,Monghpyak,7894,43.6,10208,9109,4722,51.8,4387,8993,3172,35.3,5821,3807,2692,70.7,1115,1857,1469,79.1,388,1950,1223,62.7,727,14295,5202,36.4,9093,7252,3253,44.9,3999,7043,1949,27.7,5094
MMR222,Shan,MMR016D004,Monghpyak,MMR016011,Mongyawng,18825,34.4,35922,27982,13461,48.1,14521,26765,5364,20,21401,4387,2622,59.8,1765,2212,1612,72.9,600,2175,1010,46.4,1165,50360,16203,32.2,34157,25770,11849,46,13921,24590,4354,17.7,20236
MMR017,Ayeyarwady,MMR017D001,Pathein,MMR017002,Kangyidaunt,114268,93.2,8360,58335,55468,95.1,2867,64293,58800,91.5,5493,7873,7417,94.2,456,3672,3534,96.2,138,4201,3883,92.4,318,114755,106851,93.1,7904,54663,51934,95,2729,60092,54917,91.4,5175
MMR017,Ayeyarwady,MMR017D001,Pathein,MMR017007,Kyaunggon,106903,93,8037,53937,51240,95,2697,61003,55663,91.2,5340,11514,11042,95.9,472,5105,4992,97.8,113,6409,6050,94.4,359,103426,95861,92.7,7565,48832,46248,94.7,2584,54594,49613,90.9,4981
MMR017,Ayeyarwady,MMR017D001,Pathein,MMR017005,Kyonpyaw,151962,92.2,12832,77254,72816,94.3,4438,87540,79146,90.4,8394,17219,16269,94.5,950,7694,7489,97.3,205,9525,8780,92.2,745,147575,135693,91.9,11882,69560,65327,93.9,4233,78015,70366,90.2,7649
MMR017,Ayeyarwady,MMR017D001,Pathein,MMR017004,Ngapudaw,208328,93.7,14125,110087,104697,95.1,5390,112366,103631,92.2,8735,20526,19803,96.5,723,9792,9589,97.9,203,10734,10214,95.2,520,201927,188525,93.4,13402,100295,95108,94.8,5187,101632,93417,91.9,8215
MMR017,Ayeyarwady,MMR017D001,Pathein,MMR017001,Pathein,246156,95,12892,120422,116216,96.5,4206,138626,129940,93.7,8686,131498,126835,96.5,4663,58776,57609,98,1167,72722,69226,95.2,3496,127550,119321,93.5,8229,61646,58607,95.1,3039,65904,60714,92.1,5190
MMR017,Ayeyarwady,MMR017D001,Pathein,MMR017006,Yegyi,131581,94.7,7309,63863,61918,97,1945,75027,69663,92.9,5364,21437,20440,95.3,997,9298,9045,97.3,253,12139,11395,93.9,744,117453,111141,94.6,6312,54565,52873,96.9,1692,62888,58268,92.7,4620
MMR017,Ayeyarwady,MMR017D001,Pathein,MMR017003,Thabaung,98199,93.5,6785,50399,48274,95.8,2125,54585,49925,91.5,4660,5188,5017,96.7,171,2291,2255,98.4,36,2897,2762,95.3,135,99796,93182,93.4,6614,48108,46019,95.7,2089,51688,47163,91.2,4525
MMR017,Ayeyarwady,MMR017D006,Pyapon,MMR017025,Kyaiklat,122469,95.9,5238,60760,59192,97.4,1568,66947,63277,94.5,3670,17641,16897,95.8,744,8012,7840,97.9,172,9629,9057,94.1,572,110066,105572,95.9,4494,52748,51352,97.4,1396,57318,54220,94.6,3098
MMR017,Ayeyarwady,MMR017D006,Pyapon,MMR017026,Dedaye,129596,95.2,6485,65212,63049,96.7,2163,70869,66547,93.9,4322,11053,10552,95.5,501,4891,4742,97,149,6162,5810,94.3,352,125028,119044,95.2,5984,60321,58307,96.7,2014,64707,60737,93.9,3970
MMR017,Ayeyarwady,MMR017D006,Pyapon,MMR017023,Pyapon,191581,93.7,12964,98546,94681,96.1,3865,105999,96900,91.4,9099,36238,34538,95.3,1700,16651,16158,97,493,19587,18380,93.8,1207,168307,157043,93.3,11264,81895,78523,95.9,3372,86412,78520,90.9,7892
MMR017,Ayeyarwady,MMR017D006,Pyapon,MMR017024,Bogale,197779,93,14899,102593,98284,95.8,4309,110085,99495,90.4,10590,30733,28986,94.3,1747,13848,13413,96.9,435,16885,15573,92.2,1312,181945,168793,92.8,13152,88745,84871,95.6,3874,93200,83922,90,9278
MMR017,Ayeyarwady,MMR017D005,Maubin,MMR017021,Nyaungdon,139118,93.8,9153,70053,67285,96,2768,78218,71833,91.8,6385,17804,17075,95.9,729,7957,7779,97.8,178,9847,9296,94.4,551,130467,122043,93.5,8424,62096,59506,95.8,2590,68371,62537,91.5,5834
MMR017,Ayeyarwady,MMR017D005,Maubin,MMR017022,Danubyu,122874,96,5164,59077,57590,97.5,1487,68961,65284,94.7,3677,16237,15752,97,485,7075,6955,98.3,120,9162,8797,96,365,111801,107122,95.8,4679,52002,50635,97.4,1367,59799,56487,94.5,3312
MMR017,Ayeyarwady,MMR017D005,Maubin,MMR017020,Pantanaw,171443,93.3,12350,86736,82826,95.5,3910,97057,88617,91.3,8440,14163,13428,94.8,735,6354,6163,97,191,7809,7265,93,544,169630,158015,93.2,11615,80382,76663,95.4,3719,89248,81352,91.2,7896
MMR017,Ayeyarwady,MMR017D005,Maubin,MMR017019,Maubin,200428,94.9,10815,99620,96313,96.7,3307,111623,104115,93.3,7508,30510,29246,95.9,1264,13567,13287,97.9,280,16943,15959,94.2,984,180733,171182,94.7,9551,86053,83026,96.5,3027,94680,88156,93.1,6524
MMR017,Ayeyarwady,MMR017D003,Myaungmya,MMR017014,Myaungmya,184277,91.3,17471,95800,89276,93.2,6524,105948,95001,89.7,10947,41753,39611,94.9,2142,18690,18097,96.8,593,23063,21514,93.3,1549,159995,144666,90.4,15329,77110,71179,92.3,5931,82885,73487,88.7,9398
MMR017,Ayeyarwady,MMR017D003,Myaungmya,MMR017017,Wakema,179301,90.8,18103,93332,87167,93.4,6165,104072,92134,88.5,11938,15926,15083,94.7,843,7027,6801,96.8,226,8899,8282,93.1,617,181478,164218,90.5,17260,86305,80366,93.1,5939,95173,83852,88.1,11321
MMR017,Ayeyarwady,MMR017D003,Myaungmya,MMR017015,Einme,119193,89.9,13448,62937,57898,92,5039,69704,61295,87.9,8409,9787,9349,95.5,438,4388,4253,96.9,135,5399,5096,94.4,303,122854,109844,89.4,13010,58549,53645,91.6,4904,64305,56199,87.4,8106
MMR017,Ayeyarwady,MMR017D004,Labutta,MMR017018,Mawlamyinegyun,200585,94.1,12594,102861,99731,97,3130,110318,100854,91.4,9464,24121,23101,95.8,1020,11104,10850,97.7,254,13017,12251,94.1,766,189058,177484,93.9,11574,91757,88881,96.9,2876,97301,88603,91.1,8698
MMR017,Ayeyarwady,MMR017D004,Labutta,MMR017016,Labutta,188894,91.1,18526,103364,97375,94.2,5989,104056,91519,88,12537,23497,22304,94.9,1193,10897,10572,97,325,12600,11732,93.1,868,183923,166590,90.6,17333,92467,86803,93.9,5664,91456,79787,87.2,11669
MMR017,Ayeyarwady,MMR017D002,Hinthada,MMR017012,Kyangin,71760,97.1,2108,33982,33447,98.4,535,39886,38313,96.1,1573,15009,14644,97.6,365,6729,6629,98.5,100,8280,8015,96.8,265,58859,57116,97,1743,27253,26818,98.4,435,31606,30298,95.9,1308
MMR017,Ayeyarwady,MMR017D002,Hinthada,MMR017009,Zalun,113749,95.3,5639,54441,53031,97.4,1410,64947,60718,93.5,4229,15567,14726,94.6,841,6914,6723,97.2,191,8653,8003,92.5,650,103821,99023,95.4,4798,47527,46308,97.4,1219,56294,52715,93.6,3579
MMR017,Ayeyarwady,MMR017D002,Hinthada,MMR017011,Myanaung,153938,95.6,7013,72708,71038,97.7,1670,88243,82900,93.9,5343,17155,16759,97.7,396,7271,7206,99.1,65,9884,9553,96.7,331,143796,137179,95.4,6617,65437,63832,97.5,1605,78359,73347,93.6,5012
MMR017,Ayeyarwady,MMR017D002,Hinthada,MMR017010,Lemyethna,68859,94.7,3840,33969,32781,96.5,1188,38730,36078,93.2,2652,2085,2062,98.9,23,912,906,99.3,6,1173,1156,98.6,17,70614,66797,94.6,3817,33057,31875,96.4,1182,37557,34922,93,2635
MMR017,Ayeyarwady,MMR017D002,Hinthada,MMR017008,Hinthada,233474,95.7,10368,110659,108111,97.7,2548,133183,125363,94.1,7820,61021,59202,97,1819,26788,26391,98.5,397,34233,32811,95.8,1422,182821,174272,95.3,8549,83871,81720,97.4,2151,98950,92552,93.5,6398
MMR017,Ayeyarwady,MMR017D002,Hinthada,MMR017013,Ingapu,148415,96,6251,71333,69804,97.9,1529,83333,78611,94.3,4722,9888,9657,97.7,231,4356,4309,98.9,47,5532,5348,96.7,184,144778,138758,95.8,6020,66977,65495,97.8,1482,77801,73263,94.2,4538
MMR018,Nay Pyi Taw,MMR018D001,Nay Pyi Taw (North),MMR018003,Tatkon,139456,92.3,11684,68670,66922,97.5,1748,82470,72534,88,9936,29723,28804,96.9,919,13171,13008,98.8,163,16552,15796,95.4,756,121417,110652,91.1,10765,55499,53914,97.1,1585,65918,56738,86.1,9180
MMR018,Nay Pyi Taw,MMR018D001,Nay Pyi Taw (North),MMR018001,Zay Yar Thi Ri,70206,96.5,2583,34379,33937,98.7,442,38410,36269,94.4,2141,21543,20983,97.4,560,10404,10297,99,107,11139,10686,95.9,453,51246,49223,96.1,2023,23975,23640,98.6,335,27271,25583,93.8,1688
MMR018,Nay Pyi Taw,MMR018D001,Nay Pyi Taw (North),MMR018008,Oke Ta Ra Thi Ri,47476,91.3,4504,25200,24351,96.6,849,26780,23125,86.4,3655,14450,13611,94.2,839,7201,7009,97.3,192,7249,6602,91.1,647,37530,33865,90.2,3665,17999,17342,96.3,657,19531,16523,84.6,3008
MMR018,Nay Pyi Taw,MMR018D001,Nay Pyi Taw (North),MMR018005,Poke Ba Thi Ri,71280,94,4578,35498,34807,98.1,691,40360,36473,90.4,3887,28726,27541,95.9,1185,13406,13225,98.6,181,15320,14316,93.4,1004,47132,43739,92.8,3393,22092,21582,97.7,510,25040,22157,88.5,2883
MMR018,Nay Pyi Taw,MMR018D002,Nay Pyi Taw (South),MMR018006,Pyinmana,120806,95.4,5873,58097,56798,97.8,1299,68582,64008,93.3,4574,50318,48950,97.3,1368,22369,22100,98.8,269,27949,26850,96.1,1099,76361,71856,94.1,4505,35728,34698,97.1,1030,40633,37158,91.4,3475
MMR018,Nay Pyi Taw,MMR018D002,Nay Pyi Taw (South),MMR018007,Lewe,180068,94.4,10723,88802,87065,98,1737,101989,93003,91.2,8986,21117,20671,97.9,446,9605,9530,99.2,75,11512,11141,96.8,371,169674,159397,93.9,10277,79197,77535,97.9,1662,90477,81862,90.5,8615
MMR018,Nay Pyi Taw,MMR018D002,Nay Pyi Taw (South),MMR018002,Za Bu Thi Ri,68782,98.3,1204,32047,31807,99.3,240,37939,36975,97.5,964,66016,64946,98.4,1070,30209,29994,99.3,215,35807,34952,97.6,855,3970,3836,96.6,134,1838,1813,98.6,25,2132,2023,94.9,109
MMR018,Nay Pyi Taw,MMR018D002,Nay Pyi Taw (South),MMR018004,Det Khi Na Thi Ri,17993,93.9,1178,9079,8879,97.8,200,10092,9114,90.3,978,2751,2657,96.6,94,1330,1317,99,13,1421,1340,94.3,81,16420,15336,93.4,1084,7749,7562,97.6,187,8671,7774,89.7,897
