pcode_st,name_st,pcode_dt,name_dt,pcode_ts,name_ts,usuact_10ab_t,usuact_10ab_govemp_t,usuact_10ab_priemp_t,usuact_10ab_empyr_t,usuact_10ab_ownacc_t,usuact_10ab_unpfam_t,usuact_10ab_seekw_t,usuact_10ab_nseekw_t,usuact_10ab_stu_t,usuact_10ab_hhwork_t,usuact_10ab_retir_t,usuact_10ab_ill_t,usuact_10ab_oth_t
MMR001,Kachin,MMR001D001,Myitkyina,MMR001001,Myitkyina,257901,13671,36552,4132,52412,9724,7256,1037,57525,49403,13541,1975,10673
MMR001,Kachin,MMR001D001,Myitkyina,MMR001002,Waingmaw,96930,2154,9155,1181,26042,10501,2642,259,20290,16566,4519,759,2862
MMR001,Kachin,MMR001D001,Myitkyina,MMR001003,Injangyang,1322,80,217,33,305,322,2,0,262,50,30,4,17
MMR001,Kachin,MMR001D001,Myitkyina,MMR001004,Tanai,46706,1423,5126,882,16375,4771,682,115,8113,7057,1324,199,639
MMR001,Kachin,MMR001D001,Myitkyina,MMR001005,Chipwi,14551,957,604,141,3786,2249,719,142,2643,2194,470,126,520
MMR001,Kachin,MMR001D001,Myitkyina,MMR001006,Tsawlaw,4584,120,102,15,1556,1040,66,8,975,438,103,32,129
MMR001,Kachin,MMR001D002,Mohnyin,MMR001007,Mohnyin,168390,6188,19884,3619,39509,15479,3873,466,32583,31151,9848,930,4860
MMR001,Kachin,MMR001D002,Mohnyin,MMR001008,Mogaung,105015,4247,10447,2075,25121,8573,2572,767,20863,22035,5890,633,1792
MMR001,Kachin,MMR001D002,Mohnyin,MMR001009,Hpakant,283658,2657,90379,7884,79339,12303,4125,442,30823,41282,5187,637,8600
MMR001,Kachin,MMR001D003,Bhamo,MMR001010,Bhamo,109372,5195,11754,1461,31643,11170,1898,237,19730,15415,6308,755,3806
MMR001,Kachin,MMR001D003,Bhamo,MMR001011,Shwegu,74947,1948,9448,1669,19200,12638,1185,89,12673,10251,3974,451,1421
MMR001,Kachin,MMR001D003,Bhamo,MMR001012,Momauk,50022,2260,4241,2603,11261,9276,788,82,9066,5848,2957,478,1162
MMR001,Kachin,MMR001D003,Bhamo,MMR001013,Mansi,41868,1081,2480,708,17011,4211,1247,39,7445,4496,1973,278,899
MMR001,Kachin,MMR001D004,Puta-O,MMR001014,Puta-O,45178,1908,4694,174,8493,5376,895,518,11310,9024,2065,450,271
MMR001,Kachin,MMR001D004,Puta-O,MMR001015,Sumprabum,1902,157,124,14,665,85,25,2,459,279,62,10,20
MMR001,Kachin,MMR001D004,Puta-O,MMR001016,Machanbaw,6431,561,303,39,1887,907,86,7,1412,824,232,102,71
MMR001,Kachin,MMR001D004,Puta-O,MMR001018,Khaunglanhpu,9494,124,60,77,1983,1711,118,41,2814,2087,386,17,76
MMR001,Kachin,MMR001D004,Puta-O,MMR001017,Nawngmun,5145,396,221,5,991,638,486,24,1379,747,170,63,25
MMR002,Kayah,MMR002D001,Loikaw,MMR002001,Loikaw,101862,7168,13297,1917,25478,10126,1858,352,18962,14386,5079,721,2518
MMR002,Kayah,MMR002D001,Loikaw,MMR002002,Demoso,58441,1883,4062,616,16684,11297,1280,292,10887,7778,2439,510,713
MMR002,Kayah,MMR002D001,Loikaw,MMR002003,Hpruso,21380,1108,835,121,7443,5741,264,66,3699,1124,636,110,233
MMR002,Kayah,MMR002D001,Loikaw,MMR002004,Shadaw,5023,261,115,29,2472,952,51,9,708,208,148,41,29
MMR002,Kayah,MMR002D002,Bawlake,MMR002005,Bawlakhe,8903,1379,1087,80,2766,786,70,11,1180,1135,263,52,94
MMR002,Kayah,MMR002D002,Bawlake,MMR002006,Hpasawng,19816,881,4773,453,4733,1703,167,57,2976,3088,617,79,289
MMR002,Kayah,MMR002D002,Bawlake,MMR002007,Mese,4822,507,631,32,1182,831,67,4,697,631,110,18,112
MMR003,Kayin,MMR003D001,Hpa-An,MMR003001,Hpa-An,326967,11405,32262,4604,66389,23401,13324,2632,56179,68931,19556,3289,24995
MMR003,Kayin,MMR003D001,Hpa-An,MMR003002,Hlaingbwe,198239,3550,15279,2156,36079,18085,12769,4520,28659,47060,12450,2044,15588
MMR003,Kayin,MMR003D001,Hpa-An,MMR003004,Thandaunggyi,71253,2706,2951,491,22913,8077,1926,302,12877,14025,2594,548,1843
MMR003,Kayin,MMR003D004,Hpapun,MMR003003,Hpapun,26788,2286,3734,195,3980,1491,1290,555,5461,5704,1131,233,728
MMR003,Kayin,MMR003D002,Myawaddy,MMR003005,Myawaddy,163287,4416,31724,3123,33717,10871,4627,1154,21388,36671,5625,995,8976
MMR003,Kayin,MMR003D003,Kawkareik,MMR003006,Kawkareik,169494,4621,12213,2896,39244,17801,6894,1191,26840,34216,10282,2154,11142
MMR003,Kayin,MMR003D003,Kawkareik,MMR003007,Kyainseikgyi,192637,2828,22659,2583,51206,30453,4837,2015,27374,32331,7994,1757,6600
MMR004,Chin,MMR004D003,Hakha,MMR004002,Hakha,37054,3158,2211,259,5325,4117,935,385,8534,8050,2145,692,1243
MMR004,Chin,MMR004D003,Hakha,MMR004003,Thantlang,36475,1159,870,62,6860,9232,436,301,8922,5253,1983,687,710
MMR004,Chin,MMR004D001,Falam,MMR004001,Falam,36162,2188,2302,172,6878,9246,920,223,8788,2853,1454,575,563
MMR004,Chin,MMR004D001,Falam,MMR004004,Tedim,63437,2080,1492,198,5801,18388,3318,780,15387,10714,2786,864,1629
MMR004,Chin,MMR004D001,Falam,MMR004005,Tonzang,22255,854,372,27,3189,6914,626,188,5535,2625,1287,280,358
MMR004,Chin,MMR004D002,Mindat,MMR004006,Mindat,29724,1671,1178,84,6298,6268,605,63,8154,2748,1531,384,740
MMR004,Chin,MMR004D002,Mindat,MMR004007,Matupi,37680,1934,2023,288,4690,8244,1080,352,10422,5711,2063,410,463
MMR004,Chin,MMR004D002,Mindat,MMR004008,Kanpetlet,14788,845,802,58,2149,2622,327,61,4140,2680,655,147,302
MMR004,Chin,MMR004D002,Mindat,MMR004009,Paletwa,69891,1808,1711,571,20806,14737,1219,249,16154,8718,2529,574,815
MMR005,Sagaing,MMR005D001,Sagaing,MMR005001,Sagaing,261304,11062,40047,5484,76943,18835,4138,1136,36375,41725,18347,1581,5631
MMR005,Sagaing,MMR005D001,Sagaing,MMR005002,Myinmu,91463,1970,5019,1057,24542,9576,8924,1146,10224,19453,6864,696,1992
MMR005,Sagaing,MMR005D001,Sagaing,MMR005003,Myaung,90323,2237,15343,1763,21269,11187,2264,1243,10853,14986,6228,774,2176
MMR005,Sagaing,MMR005D002,Shwebo,MMR005004,Shwebo,226001,6727,53491,6503,54246,15008,4245,540,28197,32528,16587,1655,6274
MMR005,Sagaing,MMR005D002,Shwebo,MMR005005,Khin-U,122175,1746,16913,1881,33932,23466,1272,140,15995,15589,8234,877,2130
MMR005,Sagaing,MMR005D002,Shwebo,MMR005006,Wetlet,165832,2521,25123,4203,47977,24264,2393,173,18877,23641,11900,1381,3379
MMR005,Sagaing,MMR005D002,Shwebo,MMR005007,Kanbalu,239997,4212,21490,4137,77483,49025,3136,370,35111,25560,12931,1153,5389
MMR005,Sagaing,MMR005D002,Shwebo,MMR005008,Kyunhla,84148,1548,9521,1732,26505,14488,1403,132,11147,10849,4952,457,1414
MMR005,Sagaing,MMR005D002,Shwebo,MMR005009,Ye-U,97378,1967,11130,2120,26688,13380,2267,226,14928,13818,8213,934,1707
MMR005,Sagaing,MMR005D002,Shwebo,MMR005010,Tabayin,114448,1723,15484,5599,26847,17381,2123,314,16071,17726,8277,1062,1841
MMR005,Sagaing,MMR005D002,Shwebo,MMR005011,Taze,133715,2007,7319,8538,29301,27101,4163,271,21007,21026,9616,1106,2260
MMR005,Sagaing,MMR005D003,Monywa,MMR005012,Monywa,318078,13969,70149,9411,69688,16852,6939,959,43489,50470,20798,2218,13136
MMR005,Sagaing,MMR005D003,Monywa,MMR005013,Budalin,101921,2074,17350,2767,26199,11499,1908,232,14188,14377,8477,1071,1779
MMR005,Sagaing,MMR005D003,Monywa,MMR005014,Ayadaw,130318,2186,21017,2021,31101,10279,3247,297,15364,30078,10297,1181,3250
MMR005,Sagaing,MMR005D003,Monywa,MMR005015,Chaung-U,89626,1869,20775,4211,21855,6626,1525,260,10261,13355,6109,718,2062
MMR005,Sagaing,MMR005D004,Katha,MMR005020,Katha,132447,2789,17184,2806,42664,22050,1246,122,20886,14197,5495,690,2318
MMR005,Sagaing,MMR005D004,Katha,MMR005021,Indaw,94981,2028,5578,1318,28926,26831,709,46,14608,6609,6489,522,1317
MMR005,Sagaing,MMR005D004,Katha,MMR005022,Tigyaing,104649,1426,15367,2055,27538,15474,1762,254,13398,18918,5400,437,2620
MMR005,Sagaing,MMR005D004,Katha,MMR005023,Banmauk,86674,1082,15028,1713,22083,10152,1010,202,12213,15991,5534,363,1303
MMR005,Sagaing,MMR005D004,Katha,MMR005024,Kawlin,120575,2512,16238,3782,31912,19983,1928,133,14962,18309,8217,719,1880
MMR005,Sagaing,MMR005D004,Katha,MMR005025,Wuntho,58779,1722,5763,1346,15850,9133,737,155,7754,10532,3700,278,1809
MMR005,Sagaing,MMR005D004,Katha,MMR005026,Pinlebu,87808,1767,2785,370,21782,17401,6244,410,11323,15154,7821,577,2174
MMR005,Sagaing,MMR005D005,Kale,MMR005027,Kale,279101,8541,41866,5372,56714,25134,10156,1227,51400,52988,16939,2476,6288
MMR005,Sagaing,MMR005D005,Kale,MMR005028,Kalewa,45778,1055,5823,865,14948,10949,505,18,6156,3175,1623,214,447
MMR005,Sagaing,MMR005D005,Kale,MMR005029,Mingin,83577,1524,6353,920,23631,13520,2596,145,13075,14499,4940,480,1894
MMR005,Sagaing,MMR005D006,Tamu,MMR005030,Tamu,87399,1977,12052,2068,19418,7156,2360,481,16480,18003,4688,647,2069
MMR005,Sagaing,MMR005D007,Mawlaik,MMR005031,Mawlaik,40741,1758,4458,927,11113,8918,458,69,6162,4426,1723,239,490
MMR005,Sagaing,MMR005D007,Mawlaik,MMR005032,Paungbyin,85425,1938,7631,2697,26137,17915,1965,89,14280,7654,4081,399,639
MMR005,Sagaing,MMR005D008,Hkamti,MMR005033,Hkamti,38216,1710,7902,855,9813,5083,603,89,5665,4383,961,174,978
MMR005,Sagaing,MMR005D008,Hkamti,MMR005034,Homalin,197387,3853,37373,7715,40981,24424,5222,1150,30725,30921,9286,699,5038
MMR005,Sagaing,MMR005D008,Hkamti,MMR005035,Lay Shi,7424,438,780,18,1676,1989,91,6,1553,541,177,54,101
MMR005,Sagaing,MMR005D008,Hkamti,MMR005036,Lahe,38935,905,756,111,11247,14992,613,145,5524,2671,1369,227,375
MMR005,Sagaing,MMR005D008,Hkamti,MMR005037,Nanyun,37330,912,672,99,8141,12293,106,20,7631,4554,1717,276,909
MMR005,Sagaing,MMR005D009,Yinmabin,MMR005016,Yinmabin,117263,2286,17429,4030,30003,21818,1810,170,17773,11935,7949,805,1255
MMR005,Sagaing,MMR005D009,Yinmabin,MMR005018,Salingyi,102450,4215,19890,1430,23687,9579,2327,218,14101,16136,7014,764,3089
MMR005,Sagaing,MMR005D009,Yinmabin,MMR005019,Pale,117974,1920,12490,3844,27627,20978,2646,223,16971,20159,8373,936,1807
MMR005,Sagaing,MMR005D009,Yinmabin,MMR005017,Kani,109750,2285,10172,2705,25592,20343,3060,329,18032,16901,7178,890,2263
MMR006,Tanintharyi,MMR006D001,Dawei,MMR006001,Dawei,119929,6618,22010,2064,24714,6735,3259,638,18106,21630,7822,1267,5066
MMR006,Tanintharyi,MMR006D001,Dawei,MMR006002,Launglon,92801,2131,18686,2257,19856,5179,2565,492,15665,18345,5109,1207,1309
MMR006,Tanintharyi,MMR006D001,Dawei,MMR006003,Thayetchaung,82825,2301,12438,864,16046,4994,3020,471,14772,19460,5280,1346,1833
MMR006,Tanintharyi,MMR006D001,Dawei,MMR006004,Yebyu,96050,3863,15437,848,23658,6404,3304,440,16192,17777,4146,904,3077
MMR006,Tanintharyi,MMR006D002,Myeik,MMR006005,Myeik,226673,8849,54678,2889,37606,6934,5955,1177,38957,47715,11897,1967,8049
MMR006,Tanintharyi,MMR006D002,Myeik,MMR006006,Kyunsu,127207,2402,27598,2657,25471,13904,1807,1118,20251,24279,4097,906,2717
MMR006,Tanintharyi,MMR006D002,Myeik,MMR006007,Palaw,98717,2903,14488,1347,18619,5370,3193,1861,17397,22130,5756,1194,4459
MMR006,Tanintharyi,MMR006D002,Myeik,MMR006008,Tanintharyi,80559,2017,8585,835,21845,7813,2055,485,13869,15174,3289,715,3877
MMR006,Tanintharyi,MMR006D003,Kawthoung,MMR006009,Kawthoung,109753,4558,29684,1906,17507,3711,1871,772,14622,25961,4244,848,4069
MMR006,Tanintharyi,MMR006D003,Kawthoung,MMR006010,Bokpyin,61386,3112,13036,781,11733,4392,669,293,9276,14204,1621,293,1976
MMR111,Bago,MMR007D001,Bago,MMR007001,Bago,402587,15502,98661,9162,76574,11043,10531,1758,55796,79163,19398,3173,21826
MMR111,Bago,MMR007D001,Bago,MMR007002,Thanatpin,112151,1651,19340,4514,22180,4436,3536,496,17055,26417,5049,1089,6388
MMR111,Bago,MMR007D001,Bago,MMR007003,Kawa,154456,2315,29787,6726,24281,11466,4948,549,23989,36032,7225,1216,5922
MMR111,Bago,MMR007D001,Bago,MMR007004,Waw,136727,2257,28621,4406,23920,9534,4437,471,20769,28751,6860,1294,5407
MMR111,Bago,MMR007D001,Bago,MMR007005,Nyaunglebin,160823,3749,28163,5022,31847,8503,5541,530,23037,37714,10177,1625,4915
MMR111,Bago,MMR007D001,Bago,MMR007006,Kyauktaga,197197,3716,38002,6178,31482,17091,6028,686,29782,47623,10537,1395,4677
MMR111,Bago,MMR007D001,Bago,MMR007007,Daik-U,161472,3463,39848,6031,29591,9930,3564,460,21995,33762,8439,1426,2963
MMR111,Bago,MMR007D001,Bago,MMR007008,Shwegyin,82527,2694,12368,1347,19474,4615,2731,375,12460,18383,3979,681,3420
MMR111,Bago,MMR007D002,Taungoo,MMR007009,Taungoo,215130,12014,39496,4430,38183,10596,4601,710,32942,46380,13459,1598,10721
MMR111,Bago,MMR007D002,Taungoo,MMR007010,Yedashe,170558,7727,27857,4271,37170,14755,3161,496,22049,34290,8565,1418,8799
MMR111,Bago,MMR007D002,Taungoo,MMR007011,Kyaukkyi,86571,2444,13213,1811,16511,7757,2786,321,13931,18752,5520,987,2538
MMR111,Bago,MMR007D002,Taungoo,MMR007012,Phyu,204488,4993,34317,6910,33777,19400,4203,819,30539,43728,12157,1849,11796
MMR111,Bago,MMR007D002,Taungoo,MMR007013,Oktwin,127430,3673,28171,5871,21936,11431,2878,374,15833,23948,6110,1199,6006
MMR111,Bago,MMR007D002,Taungoo,MMR007014,Htantabin,92639,1837,20330,4801,12443,9158,2274,207,13883,18639,4767,695,3605
MMR111,Bago,MMR008D001,Pyay,MMR008001,Pyay,218854,10782,37970,4674,44337,12441,4753,918,27752,46171,15125,1435,12496
MMR111,Bago,MMR008D001,Pyay,MMR008002,Paukkhaung,105893,2583,12904,2085,26558,15453,1739,284,9306,24651,6488,561,3281
MMR111,Bago,MMR008D001,Pyay,MMR008003,Padaung,123082,13199,11773,1621,28033,11191,2502,280,13444,24213,9082,874,6870
MMR111,Bago,MMR008D001,Pyay,MMR008004,Paungde,118799,2384,20687,3336,26072,12429,2156,262,9872,26122,8262,849,6368
MMR111,Bago,MMR008D001,Pyay,MMR008005,Thegon,114583,3566,15077,2878,28862,12919,1686,158,9978,22942,7647,731,8139
MMR111,Bago,MMR008D001,Pyay,MMR008006,Shwedaung,105178,5128,17531,3828,21799,8803,2284,232,10022,21803,7175,860,5713
MMR111,Bago,MMR008D002,Thayarwady,MMR008007,Thayarwady,123267,3964,22856,5958,19096,7739,4416,444,13826,32552,7854,988,3574
MMR111,Bago,MMR008D002,Thayarwady,MMR008008,Letpadan,143641,2994,25045,9812,19162,8636,4815,547,18239,37329,8033,994,8035
MMR111,Bago,MMR008D002,Thayarwady,MMR008009,Minhla,101537,2284,19993,4996,15943,5699,2412,276,10800,28191,6368,741,3834
MMR111,Bago,MMR008D002,Thayarwady,MMR008010,Okpho,105852,2244,18941,3765,17774,5458,3834,462,11387,31171,7016,769,3031
MMR111,Bago,MMR008D002,Thayarwady,MMR008011,Zigon,57741,1578,8915,2403,9605,2136,2348,253,5135,18004,3917,409,3038
MMR111,Bago,MMR008D002,Thayarwady,MMR008012,Nattalin,147738,2744,18465,9553,22928,8666,8120,545,12398,43797,9882,872,9768
MMR111,Bago,MMR008D002,Thayarwady,MMR008013,Monyo,105952,1856,17165,6575,20943,11774,4112,240,11792,21174,6624,722,2975
MMR111,Bago,MMR008D002,Thayarwady,MMR008014,Gyobingauk,100857,2520,14063,6150,13824,5331,6104,202,9450,30079,6497,653,5984
MMR009,Magway,MMR009D001,Magway,MMR009001,Magway,240628,12633,50652,7793,40962,20532,3776,618,33114,43494,15365,1744,9945
MMR009,Magway,MMR009D001,Magway,MMR009002,Yenangyaung,110988,4068,16287,3323,19913,10738,2790,366,17618,22885,9195,1139,2666
MMR009,Magway,MMR009D001,Magway,MMR009003,Chauk,153988,6262,22017,3390,28443,11816,4164,363,23239,33707,11632,1125,7830
MMR009,Magway,MMR009D001,Magway,MMR009004,Taungdwingyi,214274,6482,21355,5690,54381,39267,3577,486,28713,33951,13156,1476,5740
MMR009,Magway,MMR009D001,Magway,MMR009005,Myothit,127391,2669,14185,12558,24245,23334,1850,143,17964,20664,7114,978,1687
MMR009,Magway,MMR009D001,Magway,MMR009006,Natmauk,167928,2826,14257,18922,37179,35432,2535,205,23240,18959,9926,1394,3053
MMR009,Magway,MMR009D002,Minbu,MMR009007,Minbu,156773,7557,29808,3330,34075,14742,3426,373,20648,26801,10261,1118,4634
MMR009,Magway,MMR009D002,Minbu,MMR009008,Pwintbyu,134991,4197,34988,6962,31599,18038,618,54,15853,13892,5970,971,1849
MMR009,Magway,MMR009D002,Minbu,MMR009009,Ngape,41535,2231,2935,415,13285,5184,640,84,5098,7946,2708,222,787
MMR009,Magway,MMR009D002,Minbu,MMR009010,Salin,195173,3844,35917,6634,47551,32464,2622,278,25287,25089,10067,1351,4069
MMR009,Magway,MMR009D002,Minbu,MMR009011,Sidoktaya,38440,1941,2828,198,13790,6536,363,31,4272,4934,2450,334,763
MMR009,Magway,MMR009D003,Thayet,MMR009012,Thayet,89349,4695,5684,829,28985,13275,1847,146,8816,11868,7235,636,5333
MMR009,Magway,MMR009D003,Thayet,MMR009013,Minhla,123158,6504,14113,1884,39369,18190,2112,249,12692,16701,8296,611,2437
MMR009,Magway,MMR009D003,Thayet,MMR009014,Mindon,50822,1286,2714,370,18796,12800,585,42,4542,3393,5018,460,816
MMR009,Magway,MMR009D003,Thayet,MMR009015,Kamma,64388,1296,7381,1494,22757,9516,793,100,5780,7845,4801,506,2119
MMR009,Magway,MMR009D003,Thayet,MMR009016,Aunglan,196711,4815,31641,4481,50500,24591,2858,370,21201,33152,14323,1495,7284
MMR009,Magway,MMR009D003,Thayet,MMR009017,Sinbaungwe,97278,3643,12921,2251,21681,17613,1631,111,10444,17346,6256,843,2538
MMR009,Magway,MMR009D004,Pakokku,MMR009018,Pakokku,240494,13478,48347,6112,44771,19177,5680,800,38233,38236,17006,2666,5988
MMR009,Magway,MMR009D004,Pakokku,MMR009019,Yesagyo,176771,3808,23283,3473,47203,27354,3791,541,26011,22841,12064,1654,4748
MMR009,Magway,MMR009D004,Pakokku,MMR009020,Myaing,183243,3350,24697,1727,40380,19485,6200,597,26713,39260,14065,1865,4904
MMR009,Magway,MMR009D004,Pakokku,MMR009021,Pauk,135490,3171,16725,1406,28396,16697,5057,420,21336,28745,8814,1517,3206
MMR009,Magway,MMR009D004,Pakokku,MMR009022,Seikphyu,82030,4144,7984,987,16655,10000,2073,137,13309,18636,4784,613,2708
MMR009,Magway,MMR009D005,Gangaw,MMR009023,Gangaw,110887,4540,12980,1802,31626,15157,2760,291,15010,16899,6769,1248,1805
MMR009,Magway,MMR009D005,Gangaw,MMR009024,Tilin,41579,1445,2016,441,9788,14346,765,31,4684,3579,3448,464,572
MMR009,Magway,MMR009D005,Gangaw,MMR009025,Saw,57841,2142,5206,422,19233,11805,1270,43,7075,5161,4330,608,546
MMR010,Mandalay,MMR010D001,Mandalay,MMR010001,Aungmyaythazan,231195,12932,62199,5562,39767,8284,3715,893,32290,37068,14140,1248,13097
MMR010,Mandalay,MMR010D001,Mandalay,MMR010002,Chanayethazan,176731,9593,46694,5101,30514,5821,3076,628,26245,28437,10873,829,8920
MMR010,Mandalay,MMR010D001,Mandalay,MMR010003,Mahaaungmyay,210686,7838,51366,5278,40679,6249,4475,1167,30508,38684,11806,1194,11442
MMR010,Mandalay,MMR010D001,Mandalay,MMR010004,Chanmyathazi,241625,9067,67472,4836,42642,9104,4684,842,35211,44145,15294,1439,6889
MMR010,Mandalay,MMR010D001,Mandalay,MMR010005,Pyigyitagon,198249,4548,71727,5166,25806,4300,3033,686,26170,37022,10382,1037,8372
MMR010,Mandalay,MMR010D001,Mandalay,MMR010006,Amarapura,199037,6878,61984,4388,35073,7662,2354,604,23913,31090,12659,1428,11004
MMR010,Mandalay,MMR010D001,Mandalay,MMR010007,Patheingyi,215214,7964,71296,5637,35155,7731,2346,671,25333,34871,11473,1196,11541
MMR010,Mandalay,MMR010D002,Pyinoolwin,MMR010008,Pyinoolwin,215958,18456,42548,3754,43850,17973,2900,861,32396,32768,11607,1056,7789
MMR010,Mandalay,MMR010D002,Pyinoolwin,MMR010009,Madaya,210153,3499,52931,4145,45665,19060,3649,589,24019,38710,11693,1394,4799
MMR010,Mandalay,MMR010D002,Pyinoolwin,MMR010010,Singu,127908,2000,22665,1668,27356,12572,3600,399,15740,28760,7571,687,4890
MMR010,Mandalay,MMR010D002,Pyinoolwin,MMR010011,Mogoke,136984,2034,25622,1282,34408,6628,4034,535,24705,24062,8900,975,3799
MMR010,Mandalay,MMR010D002,Pyinoolwin,MMR010012,Thabeikkyin,128310,3187,29091,2544,26889,12215,2263,473,17293,25492,4774,585,3504
MMR010,Mandalay,MMR010D003,Kyaukse,MMR010013,Kyaukse,213108,8838,52678,5456,37904,10987,5363,681,25636,47679,11597,1091,5198
MMR010,Mandalay,MMR010D003,Kyaukse,MMR010014,Sintgaing,124198,4864,35536,2566,23259,4883,1753,251,13387,24356,8207,706,4430
MMR010,Mandalay,MMR010D003,Kyaukse,MMR010015,Myittha,161661,4627,39745,5460,31113,12803,2403,419,19451,32250,9358,1081,2951
MMR010,Mandalay,MMR010D003,Kyaukse,MMR010016,Tada-U,115235,2585,14862,1509,32750,10159,2139,322,12699,26646,8054,772,2738
MMR010,Mandalay,MMR010D004,Myingyan,MMR010017,Myingyan,233481,5423,51689,7854,50022,24776,5114,792,30559,31971,16186,1966,7129
MMR010,Mandalay,MMR010D004,Myingyan,MMR010018,Taungtha,178289,4775,24553,2567,39868,16887,4427,508,28665,38016,11877,1477,4669
MMR010,Mandalay,MMR010D004,Myingyan,MMR010019,Natogyi,148260,2499,19044,2993,36684,11225,4878,347,17831,37108,10475,1372,3804
MMR010,Mandalay,MMR010D004,Myingyan,MMR010020,Kyaukpadaung,215467,5230,29187,3338,51144,34716,3616,378,31011,33648,14790,1437,6972
MMR010,Mandalay,MMR010D004,Myingyan,MMR010021,Ngazun,103789,1723,11998,1711,33140,13531,1559,197,11856,17413,7622,813,2226
MMR010,Mandalay,MMR010D005,Nyaung-U,MMR010022,Nyaung-U,201512,5190,38907,2830,43266,20875,3483,467,26957,36287,11608,1612,10030
MMR010,Mandalay,MMR010D006,Yamethin,MMR010023,Yamethin,214920,5218,27228,3863,60369,29661,3889,414,27127,39904,12877,1503,2867
MMR010,Mandalay,MMR010D006,Yamethin,MMR010024,Pyawbwe,213969,3982,29959,3267,62311,26125,3627,452,28149,36895,13396,1347,4459
MMR010,Mandalay,MMR010D007,Meiktila,MMR010028,Meiktila,257116,19676,39208,5410,50721,15646,5534,1369,41320,52532,19135,1785,4780
MMR010,Mandalay,MMR010D007,Meiktila,MMR010029,Mahlaing,115335,2368,17051,2727,24644,20340,2384,353,14495,19169,7881,1121,2802
MMR010,Mandalay,MMR010D007,Meiktila,MMR010030,Thazi,164266,7002,24519,2949,38112,18005,4652,563,21521,31875,9609,1196,4263
MMR010,Mandalay,MMR010D007,Meiktila,MMR010031,Wundwin,193784,3206,39318,4959,49494,26700,2050,324,20833,27840,13806,1230,4024
MMR011,Mon,MMR011D001,Mawlamyine,MMR011001,Mawlamyine,242927,12815,43276,4239,44739,10881,6472,1016,37297,49261,16650,2418,13863
MMR011,Mon,MMR011D001,Mawlamyine,MMR011002,Kyaikmaraw,150644,2401,21678,3115,26282,8611,5626,970,21328,37226,7842,1732,13833
MMR011,Mon,MMR011D001,Mawlamyine,MMR011003,Chaungzon,98998,2590,16473,2429,13256,4203,5458,685,13549,26447,6669,1291,5948
MMR011,Mon,MMR011D001,Mawlamyine,MMR011004,Thanbyuzayat,137308,3149,36616,3897,32630,20424,3493,381,18507,6160,6768,1717,3566
MMR011,Mon,MMR011D001,Mawlamyine,MMR011005,Mudon,156277,4457,33360,6134,26272,7414,7229,1650,18931,33301,9124,1833,6572
MMR011,Mon,MMR011D001,Mawlamyine,MMR011006,Ye,209626,4632,31638,4069,45648,10185,7865,2777,29780,50356,11454,2321,8901
MMR011,Mon,MMR011D002,Thaton,MMR011007,Thaton,187930,6470,33443,4529,29098,7922,5407,1445,28310,41846,11275,2004,16181
MMR011,Mon,MMR011D002,Thaton,MMR011008,Paung,172975,3739,25035,5215,23621,7477,6835,1756,25627,45177,10860,2038,15595
MMR011,Mon,MMR011D002,Thaton,MMR011009,Kyaikto,146234,5250,29066,3150,31649,7088,2631,603,21757,28062,8232,1155,7591
MMR011,Mon,MMR011D002,Thaton,MMR011010,Bilin,142099,3545,21982,3424,28196,10074,3475,529,21619,28415,7537,1276,12027
MMR012,Rakhine,MMR012D001,Sittwe,MMR012001,Sittwe,124375,11367,16227,2628,18734,3559,6340,1419,21406,27861,7451,691,6692
MMR012,Rakhine,MMR012D001,Sittwe,MMR012002,Ponnagyun,103376,1928,4502,2271,16997,5879,7804,1081,17075,29521,5789,576,9953
MMR012,Rakhine,MMR012D001,Sittwe,MMR012007,Pauktaw,115547,1706,14067,4583,15897,7624,8296,1631,17427,31970,5399,640,6307
MMR012,Rakhine,MMR012D001,Sittwe,MMR012008,Rathedaung,88582,2527,5127,3541,10531,7874,6113,1278,16084,22038,5522,800,7147
MMR012,Rakhine,MMR012D005,Mrauk-U,MMR012003,Mrauk-U,151799,3139,24654,7309,21675,10333,9848,1604,22531,37807,8038,1118,3743
MMR012,Rakhine,MMR012D005,Mrauk-U,MMR012004,Kyauktaw,138340,3923,11570,5592,23312,15400,6445,1201,23432,30850,7666,801,8148
MMR012,Rakhine,MMR012D005,Mrauk-U,MMR012005,Minbya,133596,3383,14496,4946,18546,10795,12420,1564,19965,29013,6232,926,11310
MMR012,Rakhine,MMR012D005,Mrauk-U,MMR012006,Myebon,106242,1575,8074,3316,26191,9766,5622,1128,17583,22345,4983,676,4983
MMR012,Rakhine,MMR012D002,Maungdaw,MMR012009,Maungdaw,32005,4159,2117,782,6353,3256,1353,232,4487,6400,986,125,1755
MMR012,Rakhine,MMR012D002,Maungdaw,MMR012010,Buthidaung,42894,4513,1986,1030,7993,4749,1762,422,6720,9546,1402,215,2556
MMR012,Rakhine,MMR012D003,Kyaukpyu,MMR012011,Kyaukpyu,133678,4871,13513,2259,34455,8213,5904,1234,20577,28091,8773,928,4860
MMR012,Rakhine,MMR012D003,Kyaukpyu,MMR012012,Munaung,48851,1341,1721,898,11665,4498,1416,173,5573,12635,4449,402,4080
MMR012,Rakhine,MMR012D003,Kyaukpyu,MMR012013,Ramree,80114,1824,4513,1805,19905,9367,3419,628,12153,16048,6522,694,3236
MMR012,Rakhine,MMR012D003,Kyaukpyu,MMR012014,Ann,93152,3712,6630,824,27002,5953,3813,673,13623,21056,4339,534,4993
MMR012,Rakhine,MMR012D004,Thandwe,MMR012015,Thandwe,113523,4167,19528,1729,24992,6408,2939,606,13377,26235,9181,817,3544
MMR012,Rakhine,MMR012D004,Thandwe,MMR012016,Toungup,128769,3477,10310,1433,36345,9987,4714,1951,18929,26226,8598,898,5901
MMR012,Rakhine,MMR012D004,Thandwe,MMR012017,Gwa,56149,1664,8648,1512,11910,3588,1490,126,6512,13383,4129,478,2709
MMR013,Yangon,MMR013D001,Yangon (North),MMR013001,Insein,265187,16105,76766,3461,37202,5195,6252,1056,38356,47804,18647,1933,12410
MMR013,Yangon,MMR013D001,Yangon (North),MMR013002,Mingaladon,284095,22287,88051,3136,34075,5318,5542,1466,38963,54231,15852,1658,13516
MMR013,Yangon,MMR013D001,Yangon (North),MMR013003,Hmawbi,202679,11927,50276,2764,32559,8545,4069,831,29364,39589,11474,1431,9850
MMR013,Yangon,MMR013D001,Yangon (North),MMR013004,Hlegu,220988,12588,54931,3927,30162,6723,4036,826,31971,46412,11200,1701,16511
MMR013,Yangon,MMR013D001,Yangon (North),MMR013005,Taikkyi,226477,7276,52076,7211,34312,13458,4560,825,28670,50047,11561,1585,14896
MMR013,Yangon,MMR013D001,Yangon (North),MMR013006,Htantabin,117759,1713,32276,3068,18661,7853,1638,402,15556,24248,5112,904,6328
MMR013,Yangon,MMR013D001,Yangon (North),MMR013007,Shwepyithar,288935,8733,101871,3547,37816,5391,6165,1278,39014,54856,17901,2146,10217
MMR013,Yangon,MMR013D001,Yangon (North),MMR013008,Hlaingtharya,579376,9009,257135,8032,63054,7920,9051,2647,63774,111046,24786,3611,19311
MMR013,Yangon,MMR013D002,Yangon (East),MMR013009,Thingangyun,184357,7384,43650,3438,26377,2980,4199,736,27106,39283,15101,1181,12922
MMR013,Yangon,MMR013D002,Yangon (East),MMR013010,Yankin,63446,5027,15967,1221,7582,1072,1703,334,8957,11802,6077,436,3268
MMR013,Yangon,MMR013D002,Yangon (East),MMR013011,South Okkalapa,144215,6417,35954,2628,22133,2418,4280,780,20500,29206,13568,1086,5245
MMR013,Yangon,MMR013D002,Yangon (East),MMR013012,North Okkalapa,291061,10832,81351,4715,49388,5273,7380,1197,40986,55341,21333,2449,10816
MMR013,Yangon,MMR013D002,Yangon (East),MMR013013,Thaketa,193630,9182,50495,2816,30503,3930,5764,1092,27360,39451,14169,1723,7145
MMR013,Yangon,MMR013D002,Yangon (East),MMR013014,Dawbon,64250,2133,17434,755,10210,1081,1581,246,8978,15016,4006,542,2268
MMR013,Yangon,MMR013D002,Yangon (East),MMR013015,Tamwe,147988,6478,34570,3716,20687,4627,4437,887,20760,31475,13094,940,6317
MMR013,Yangon,MMR013D002,Yangon (East),MMR013016,Pazundaung,43700,1786,9254,1259,5518,1465,1139,388,6001,9641,4392,206,2651
MMR013,Yangon,MMR013D002,Yangon (East),MMR013017,Botahtaung,36760,4093,8037,1001,3528,937,884,132,5263,7613,3044,276,1952
MMR013,Yangon,MMR013D002,Yangon (East),MMR013018,Dagon Myothit (South),312788,8196,100264,3720,40847,5970,7159,1666,42624,68263,19566,2615,11898
MMR013,Yangon,MMR013D002,Yangon (East),MMR013019,Dagon Myothit (North),178710,8236,45495,2767,23690,3699,4588,832,26734,36560,18173,1435,6501
MMR013,Yangon,MMR013D002,Yangon (East),MMR013020,Dagon Myothit (East),140174,4742,41276,1925,19629,3421,2993,732,19749,28277,8837,1191,7402
MMR013,Yangon,MMR013D002,Yangon (East),MMR013021,Dagon Myothit (Seikkan),138921,3067,51120,1454,17994,2939,2645,600,17065,29492,6588,1057,4900
MMR013,Yangon,MMR013D002,Yangon (East),MMR013022,Mingalartaungnyunt,115831,6605,25732,2389,16450,3517,2942,508,16698,27400,8705,870,4015
MMR013,Yangon,MMR013D003,Yangon (South),MMR013023,Thanlyin,224169,12562,53115,3253,32102,9961,4265,1334,29944,47545,13355,2081,14652
MMR013,Yangon,MMR013D003,Yangon (South),MMR013024,Kyauktan,140489,3008,34911,6136,19800,7859,3470,798,16728,37494,7064,1065,2156
MMR013,Yangon,MMR013D003,Yangon (South),MMR013025,Thongwa,130004,1904,28908,6340,18996,14549,2032,506,15717,28200,6025,1054,5773
MMR013,Yangon,MMR013D003,Yangon (South),MMR013026,Kayan,129281,1935,31764,5731,19055,9437,2653,345,17327,27774,7025,1058,5177
MMR013,Yangon,MMR013D003,Yangon (South),MMR013027,Twantay,183687,3398,39478,5224,39440,16000,3996,553,28156,34633,8822,1757,2230
MMR013,Yangon,MMR013D003,Yangon (South),MMR013028,Kawhmu,96973,1816,18948,4368,23620,16651,1264,129,14092,8896,3743,1089,2357
MMR013,Yangon,MMR013D003,Yangon (South),MMR013029,Kungyangon,91130,1765,13819,3903,14587,4713,2140,254,13256,22472,4652,948,8621
MMR013,Yangon,MMR013D003,Yangon (South),MMR013030,Dala,140661,4755,32730,2252,21793,3073,5799,1165,19223,34119,7050,1392,7310
MMR013,Yangon,MMR013D003,Yangon (South),MMR013031,Seikgyikanaungto,27408,697,8881,148,3619,382,712,129,4097,6647,1314,281,501
MMR013,Yangon,MMR013D003,Yangon (South),MMR013032,Cocokyun,1693,326,883,14,63,74,7,,112,177,24,7,6
MMR013,Yangon,MMR013D004,Yangon (West),MMR013033,Kyauktada,27266,1525,6592,938,3582,970,785,154,3408,5073,2600,240,1399
MMR013,Yangon,MMR013D004,Yangon (West),MMR013034,Pabedan,29748,606,6323,1302,4474,1490,621,119,3983,7286,2263,246,1035
MMR013,Yangon,MMR013D004,Yangon (West),MMR013035,Lanmadaw,44149,2248,13817,1552,5168,1442,1092,214,5909,7024,3578,247,1858
MMR013,Yangon,MMR013D004,Yangon (West),MMR013036,Latha,23592,1071,7601,1074,2978,931,545,133,2872,3699,1896,220,572
MMR013,Yangon,MMR013D004,Yangon (West),MMR013037,Ahlone,50146,3933,13972,1115,5967,1230,1299,155,6797,9287,4021,285,2085
MMR013,Yangon,MMR013D004,Yangon (West),MMR013038,Kyeemyindaing,95931,3633,24988,1844,16768,2520,2428,586,12487,18519,6768,655,4735
MMR013,Yangon,MMR013D004,Yangon (West),MMR013039,Sanchaung,91096,4229,24580,1859,11700,1996,2606,390,13029,15891,8866,497,5453
MMR013,Yangon,MMR013D004,Yangon (West),MMR013040,Hlaing,144144,9055,40944,3078,19526,3484,4019,541,20332,24876,11500,954,5835
MMR013,Yangon,MMR013D004,Yangon (West),MMR013041,Kamaryut,77655,5969,24258,1894,7815,1495,2498,436,11891,11213,5963,368,3855
MMR013,Yangon,MMR013D004,Yangon (West),MMR013042,Mayangone,175456,10355,52096,4114,21635,4708,4865,927,25005,30404,12753,1091,7503
MMR013,Yangon,MMR013D004,Yangon (West),MMR013043,Dagon,22634,3454,5768,813,1849,331,600,84,3447,3232,1841,158,1057
MMR013,Yangon,MMR013D004,Yangon (West),MMR013044,Bahan,88466,5683,25565,2641,10672,2365,1980,313,11021,13195,7112,492,7427
MMR013,Yangon,MMR013D004,Yangon (West),MMR013045,Seikkan,2524,408,734,33,235,144,18,7,444,378,63,3,57
MMR222,Shan,MMR014D001,Taunggyi,MMR014001,Taunggyi,361414,14496,66861,7395,87352,41424,5676,945,58216,44032,19169,2258,13590
MMR222,Shan,MMR014D001,Taunggyi,MMR014002,Nyaungshwe,155945,2812,32830,4110,47541,20068,1306,452,18918,14618,7294,1420,4576
MMR222,Shan,MMR014D001,Taunggyi,MMR014003,Hopong,88065,3510,8443,1228,29901,21074,436,83,10690,6255,3195,447,2803
MMR222,Shan,MMR014D001,Taunggyi,MMR014004,Hsihseng,115405,1903,8535,818,46555,27170,777,255,14754,7081,4007,602,2948
MMR222,Shan,MMR014D001,Taunggyi,MMR014005,Kalaw,151654,6096,24379,2172,41378,31258,1758,298,18719,15235,6545,831,2985
MMR222,Shan,MMR014D001,Taunggyi,MMR014006,Pindaya,63839,1312,6442,696,15426,21627,517,67,8563,3646,3400,328,1815
MMR222,Shan,MMR014D001,Taunggyi,MMR014007,Ywangan,65965,1342,3916,351,22025,16818,642,80,8649,6481,3180,452,2029
MMR222,Shan,MMR014D001,Taunggyi,MMR014008,Lawksawk,130649,7607,10153,1323,39616,29468,1261,144,16776,14578,5517,685,3521
MMR222,Shan,MMR014D001,Taunggyi,MMR014009,Pinlaung,152966,3235,9720,1117,56527,42274,1490,332,20908,6852,6143,932,3436
MMR222,Shan,MMR014D001,Taunggyi,MMR014010,Pekon,76923,2294,4022,1733,27255,18472,770,63,14190,4490,2037,407,1190
MMR222,Shan,MMR014D002,Loilen,MMR014011,Loilen,96649,3154,5552,711,31369,23472,1517,279,12476,9249,5106,578,3186
MMR222,Shan,MMR014D002,Loilen,MMR014012,Laihka,39857,917,1474,332,14853,7252,1080,262,4105,5902,2111,193,1376
MMR222,Shan,MMR014D002,Loilen,MMR014013,Nansang,91994,4892,6394,1588,26841,22703,882,374,9813,12417,3068,288,2734
MMR222,Shan,MMR014D002,Loilen,MMR014014,Kunhing,43420,2198,1791,503,15023,10002,561,253,3265,5620,2383,234,1587
MMR222,Shan,MMR014D002,Loilen,MMR014015,Kyethi,57741,1662,1906,744,18589,16935,539,168,4633,7903,2209,269,2184
MMR222,Shan,MMR014D002,Loilen,MMR014016,Mongkaing,57790,632,2660,780,18249,10726,488,299,4505,12850,3558,324,2719
MMR222,Shan,MMR014D002,Loilen,MMR014017,Monghsu,57454,933,6360,318,20429,13377,291,125,6134,5806,1656,219,1806
MMR222,Shan,MMR014D003,Langkho,MMR014018,Langkho,34350,1642,3109,1319,12052,4630,380,248,2615,4391,2318,341,1305
MMR222,Shan,MMR014D003,Langkho,MMR014019,Mongnai,31606,2012,2059,480,9697,5047,411,113,2900,5183,1654,214,1836
MMR222,Shan,MMR014D003,Langkho,MMR014020,Mawkmai,25499,599,1145,309,10920,6442,202,34,2139,1848,1043,141,677
MMR222,Shan,MMR014D003,Langkho,MMR014021,Mongpan,21458,1771,2418,206,7548,2660,446,230,1923,2350,908,104,894
MMR222,Shan,MMR015D001,Lashio,MMR015001,Lashio,261728,10358,36640,3308,68953,22130,4488,1378,43102,43874,16784,1725,8988
MMR222,Shan,MMR015D001,Lashio,MMR015002,Hseni,44671,2013,3252,781,13309,7556,498,87,5605,6842,2707,234,1787
MMR222,Shan,MMR015D001,Lashio,MMR015003,Mongyai,46942,1098,1226,330,16603,11107,402,148,3282,7879,2042,274,2551
MMR222,Shan,MMR015D001,Lashio,MMR015004,Tangyan,133225,2100,9813,1872,41951,30019,1901,909,10503,20092,6530,617,6918
MMR222,Shan,MMR015D002,Muse,MMR015009,Muse,140839,2785,27864,2754,39019,27275,2537,1013,17944,8424,7003,593,3628
MMR222,Shan,MMR015D002,Muse,MMR015010,Namhkan,85159,1546,11729,1221,18048,23896,1166,200,13439,7219,4604,598,1493
MMR222,Shan,MMR015D002,Muse,MMR015011,Kutkai,132853,2681,6197,1464,36632,16253,5245,1273,25125,26239,8378,725,2641
MMR222,Shan,MMR015D003,Kyaukme,MMR015012,Kyaukme,138278,3524,19435,3997,43613,22152,1214,565,16946,13564,7949,888,4431
MMR222,Shan,MMR015D003,Kyaukme,MMR015013,Nawnghkio,121966,2655,17411,3256,35521,27387,1179,182,13597,11543,5927,795,2513
MMR222,Shan,MMR015D003,Kyaukme,MMR015014,Hsipaw,141352,3404,12546,2468,44076,36476,1184,330,13384,16156,6668,719,3941
MMR222,Shan,MMR015D003,Kyaukme,MMR015015,Namtu,39504,1248,2827,568,11532,7631,911,143,5629,4908,2453,277,1377
MMR222,Shan,MMR015D003,Kyaukme,MMR015016,Namhsan,56167,909,6721,1733,17219,14218,302,131,8141,2652,2445,477,1219
MMR222,Shan,MMR015D003,Kyaukme,MMR015017,Mongmit,50823,2243,6856,707,13684,5161,1597,209,6334,9133,3219,314,1366
MMR222,Shan,MMR015D003,Kyaukme,MMR015018,Mabein,38580,929,4321,1199,11280,5394,944,70,5051,6766,1739,234,653
MMR222,Shan,MMR015D003,Kyaukme,MMR015019,Manton,28255,542,839,270,9816,7482,392,122,4182,2039,1103,193,1275
MMR222,Shan,MMR015D004,Kunlong,MMR015020,Kunlong,43901,1338,3413,309,12545,11481,489,273,5293,5388,2119,295,958
MMR222,Shan,MMR015D005,Laukkaing,MMR015022,Laukkaing,74236,2942,10196,1635,17448,9690,1675,545,10667,11756,3823,339,3520
MMR222,Shan,MMR015D005,Laukkaing,MMR015023,Konkyan,45657,444,1661,292,12749,16622,1145,217,5199,4168,2351,298,511
MMR222,Shan,MMR015D006,Hopang,MMR015021,Hopang,46466,1062,5909,527,17266,6086,714,224,5641,5170,2552,263,1052
MMR222,Shan,MMR015D006,Hopang,MMR015008,Mongmao,52240,365,804,724,25025,7986,1132,188,6344,3886,3024,115,2647
MMR222,Shan,MMR015D006,Hopang,MMR015007,Pangwaun,71943,89,282,1394,35665,10522,1588,398,9605,5255,2960,381,3804
MMR222,Shan,MMR015D007,Matman,MMR015024,Matman,13799,465,346,98,3470,5427,61,133,890,1825,598,60,426
MMR222,Shan,MMR015D007,Matman,MMR015005,Pangsang,81011,1154,16449,1792,22276,14430,1197,884,7274,8889,3470,303,2893
MMR222,Shan,MMR015D007,Matman,MMR015006,Narphan,86025,326,2612,820,36339,16488,2414,928,8427,7157,4506,396,5612
MMR222,Shan,MMR016D001,Kengtung,MMR016001,Kengtung,136874,7599,11249,1678,35621,26895,1955,420,17375,20197,6229,685,6971
MMR222,Shan,MMR016D001,Kengtung,MMR016002,Mongkhet,33997,902,493,170,11219,7864,306,650,1506,6430,1984,103,2370
MMR222,Shan,MMR016D001,Kengtung,MMR016003,Mongyang,84529,680,4194,3064,23299,27688,1188,459,7496,8867,4327,275,2992
MMR222,Shan,MMR016D001,Kengtung,MMR016005,Mongla,37058,151,11578,695,7548,7831,723,527,1815,3454,1180,69,1487
MMR222,Shan,MMR016D002,Monghsat,MMR016006,Monghsat,75472,3138,13781,561,20296,10437,632,693,9090,11451,2333,350,2710
MMR222,Shan,MMR016D002,Monghsat,MMR016007,Mongping,50745,1376,1711,218,16834,15592,632,158,3126,6844,2038,223,1993
MMR222,Shan,MMR016D002,Monghsat,MMR016008,Mongton,53308,1872,10159,374,17629,6683,686,418,5886,6654,1659,295,993
MMR222,Shan,MMR016D003,Tachileik,MMR016009,Tachileik,144784,3677,30700,2373,38503,15677,2821,1159,15425,21082,6978,675,5714
MMR222,Shan,MMR016D004,Monghpyak,MMR016010,Monghpyak,23108,1959,1309,179,6938,4591,269,247,2207,3491,1094,68,756
MMR222,Shan,MMR016D004,Monghpyak,MMR016011,Mongyawng,65051,1520,3346,750,24124,17313,736,293,5235,6092,3725,389,1528
MMR017,Ayeyarwady,MMR017D001,Pathein,MMR017002,Kangyidaunt,143214,2434,29995,9542,21169,11708,2681,400,18397,31600,5647,1538,8103
MMR017,Ayeyarwady,MMR017D001,Pathein,MMR017007,Kyaunggon,132969,2054,34902,8710,20079,11529,1910,263,16443,26267,5814,1413,3585
MMR017,Ayeyarwady,MMR017D001,Pathein,MMR017005,Kyonpyaw,191047,3182,40602,9980,29943,14991,3694,371,25326,41932,9588,1968,9470
MMR017,Ayeyarwady,MMR017D001,Pathein,MMR017004,Ngapudaw,258893,4738,47321,9362,50237,17919,7261,1246,34117,63990,12840,2336,7526
MMR017,Ayeyarwady,MMR017D001,Pathein,MMR017001,Pathein,318371,16056,65406,8064,57052,13972,6772,960,41873,68859,17568,2634,19155
MMR017,Ayeyarwady,MMR017D001,Pathein,MMR017006,Yegyi,160014,3180,26808,9668,24841,9107,3561,484,19944,41707,8792,1421,10501
MMR017,Ayeyarwady,MMR017D001,Pathein,MMR017003,Thabaung,122899,3776,21683,7335,20085,10956,2264,374,17249,27236,4772,1063,6106
MMR017,Ayeyarwady,MMR017D006,Pyapon,MMR017025,Kyaiklat,154195,2323,28486,5623,29165,13437,2514,388,20669,31560,7224,1507,11299
MMR017,Ayeyarwady,MMR017D006,Pyapon,MMR017026,Dedaye,162226,2484,33010,8213,27534,9942,3178,550,23046,40560,7404,1548,4757
MMR017,Ayeyarwady,MMR017D006,Pyapon,MMR017023,Pyapon,246565,4164,50749,6852,39934,11438,5071,1175,36002,61811,11122,2540,15707
MMR017,Ayeyarwady,MMR017D006,Pyapon,MMR017024,Bogale,251507,3817,44372,10602,46009,20680,4060,666,36390,53309,10249,2689,18664
MMR017,Ayeyarwady,MMR017D005,Maubin,MMR017021,Nyaungdon,175262,3256,32666,3854,44647,15373,1873,421,21458,33821,8980,1760,7153
MMR017,Ayeyarwady,MMR017D005,Maubin,MMR017022,Danubyu,147329,2751,26439,4059,27871,8759,2373,242,17461,33370,8747,1528,13729
MMR017,Ayeyarwady,MMR017D005,Maubin,MMR017020,Pantanaw,213376,2707,28787,7624,62007,26619,5957,479,25334,30130,9772,1819,12141
MMR017,Ayeyarwady,MMR017D005,Maubin,MMR017019,Maubin,252214,5403,49444,12161,51783,23560,3752,506,37020,46130,12359,2162,7934
MMR017,Ayeyarwady,MMR017D003,Myaungmya,MMR017014,Myaungmya,240102,5561,46777,9004,45654,17053,4987,770,33088,50714,12872,2383,11239
MMR017,Ayeyarwady,MMR017D003,Myaungmya,MMR017017,Wakema,231887,3706,40862,12554,50211,21558,5215,987,30818,42401,12296,2194,9085
MMR017,Ayeyarwady,MMR017D003,Myaungmya,MMR017015,Einme,155510,2449,29209,7930,27822,11639,2166,558,20501,36705,7117,1418,7996
MMR017,Ayeyarwady,MMR017D004,Labutta,MMR017018,Mawlamyinegyun,247168,3298,47276,10073,51739,19948,3841,538,32278,45476,11711,3087,17903
MMR017,Ayeyarwady,MMR017D004,Labutta,MMR017016,Labutta,243929,3302,37433,10474,56406,17057,5370,941,30968,59272,9151,2330,11225
MMR017,Ayeyarwady,MMR017D002,Hinthada,MMR017012,Kyangin,82447,3119,12680,2155,19705,5688,2072,250,7174,18059,5625,610,5310
MMR017,Ayeyarwady,MMR017D002,Hinthada,MMR017009,Zalun,137347,2260,29554,7836,26427,12366,1528,289,16902,24878,7508,1412,6387
MMR017,Ayeyarwady,MMR017D002,Hinthada,MMR017011,Myanaung,183010,3924,43927,9601,40536,16607,3150,306,20008,28744,10880,1883,3444
MMR017,Ayeyarwady,MMR017D002,Hinthada,MMR017010,Lemyethna,84264,1613,17146,4862,14094,5799,1670,247,10910,19462,4708,745,3008
MMR017,Ayeyarwady,MMR017D002,Hinthada,MMR017008,Hinthada,281350,7533,51992,17201,60055,21854,5636,834,35797,51653,17834,2891,8070
MMR017,Ayeyarwady,MMR017D002,Hinthada,MMR017013,Ingapu,177589,3561,24368,5980,38183,11382,5851,404,20011,37423,11021,1731,17674
MMR018,Nay Pyi Taw,MMR018D001,Nay Pyi Taw (North),MMR018003,Tatkon,177910,7552,29896,4256,39766,25990,1818,208,24733,27922,8851,1118,5800
MMR018,Nay Pyi Taw,MMR018D001,Nay Pyi Taw (North),MMR018001,Zay Yar Thi Ri,89610,14743,15865,889,10589,4349,1751,149,13755,17914,3787,348,5471
MMR018,Nay Pyi Taw,MMR018D001,Nay Pyi Taw (North),MMR018008,Oke Ta Ra Thi Ri,65007,4583,18232,1202,10623,4282,604,245,8845,11908,2301,267,1915
MMR018,Nay Pyi Taw,MMR018D001,Nay Pyi Taw (North),MMR018005,Poke Ba Thi Ri,93292,9149,20343,1824,12201,2687,4414,396,13620,20753,4658,466,2781
MMR018,Nay Pyi Taw,MMR018D002,Nay Pyi Taw (South),MMR018006,Pyinmana,153639,7604,31178,3351,32711,6623,3654,643,22149,29487,8930,1061,6248
MMR018,Nay Pyi Taw,MMR018D002,Nay Pyi Taw (South),MMR018007,Lewe,226685,7845,53558,9017,48380,22895,2644,385,34607,32333,9377,1626,4018
MMR018,Nay Pyi Taw,MMR018D002,Nay Pyi Taw (South),MMR018002,Za Bu Thi Ri,95053,34562,17327,927,6748,1429,1589,239,9875,13919,3525,288,4625
MMR018,Nay Pyi Taw,MMR018D002,Nay Pyi Taw (South),MMR018004,Det Khi Na Thi Ri,42581,965,18739,672,3980,2502,345,83,5213,7039,1203,157,1683
