<?xml version="1.0" encoding="UTF-8"?>
<metadata xml:lang="en"><Esri><CreaDate>20150923</CreaDate><CreaTime>10185800</CreaTime><SyncOnce>FALSE</SyncOnce><DataProperties><lineage><Process ToolSource="C:\Program Files\ArcGIS\ArcToolbox\Toolboxes\Data Management Tools.tbx\RepairGeometry" Date="20100129" Time="120355">RepairGeometry mmr_polbnda_adm3_250k_mimu DELETE_NULL mmr_polbnda_adm3_250k_mimu</Process><Process ToolSource="C:\Program Files\ArcGIS\ArcToolbox\Toolboxes\Data Management Tools.tbx\Integrate" Date="20100129" Time="125311">Integrate "mmr_polbnda_adm3_250k_mimu #" "0.00005 DecimalDegrees" mmr_polbnda_adm3_250k_mimu</Process><Process ToolSource="C:\Program Files\ArcGIS\ArcToolbox\Toolboxes\Data Management Tools.tbx\RepairGeometry" Date="20100204" Time="140841">RepairGeometry Adm3\mmr_polbnda_adm3_250k DELETE_NULL Adm3\mmr_polbnda_adm3_250k</Process><Process ToolSource="C:\Program Files\ArcGIS\ArcToolbox\Toolboxes\Conversion Tools.tbx\FeatureClassToFeatureClass" Date="20120208" Time="092211">FeatureClassToFeatureClass "G:\02_Base_map2\99_Scratch Data\mmr_polbnda_adm3_250k_mimu_2012.shp" "G:\02_Base_map2\99_Scratch Data\Shape file editing.mdb\Admin_layers" mmr_polbnda_adm3_250k_mimu_2012 # "ST 'ST' true true false 50 Text 0 0 ,First,#,G:\02_Base_map2\99_Scratch Data\mmr_polbnda_adm3_250k_mimu_2012.shp,ST,-1,-1;ST_PCODE 'ST_PCODE' true true false 6 Text 0 0 ,First,#,G:\02_Base_map2\99_Scratch Data\mmr_polbnda_adm3_250k_mimu_2012.shp,ST_PCODE,-1,-1;DT 'DT' true true false 50 Text 0 0 ,First,#,G:\02_Base_map2\99_Scratch Data\mmr_polbnda_adm3_250k_mimu_2012.shp,DT,-1,-1;DT_PCODE 'DT_PCODE' true true false 10 Text 0 0 ,First,#,G:\02_Base_map2\99_Scratch Data\mmr_polbnda_adm3_250k_mimu_2012.shp,DT_PCODE,-1,-1;TS 'TS' true true false 50 Text 0 0 ,First,#,G:\02_Base_map2\99_Scratch Data\mmr_polbnda_adm3_250k_mimu_2012.shp,TS,-1,-1;TS_MYA 'TS_MYA' true true false 50 Text 0 0 ,First,#,G:\02_Base_map2\99_Scratch Data\mmr_polbnda_adm3_250k_mimu_2012.shp,TS_MYA,-1,-1;TS_PCODE 'TS_PCODE' true true false 9 Text 0 0 ,First,#,G:\02_Base_map2\99_Scratch Data\mmr_polbnda_adm3_250k_mimu_2012.shp,TS_PCODE,-1,-1" # "G:\02_Base_map2\99_Scratch Data\Shape file editing.mdb\Admin_layers\mmr_polbnda_adm3_250k_mimu_2012"</Process><Process ToolSource="C:\Program Files\ArcGIS\ArcToolbox\Toolboxes\Conversion Tools.tbx\FeatureClassToFeatureClass" Date="20120208" Time="110235">FeatureClassToFeatureClass "G:\02_Base_map2\99_Scratch Data\Shape file editing.mdb\Admin_layers\mmr_polbnda_adm3_250k_mimu_2012" "G:\02_Base_map2\99_Scratch Data" mmr_polbndl_adm3_250k_mimu2012a.shp # "ST 'ST' true true false 50 Text 0 0 ,First,#,G:\02_Base_map2\99_Scratch Data\Shape file editing.mdb\Admin_layers\mmr_polbnda_adm3_250k_mimu_2012,ST,-1,-1;ST_PCODE 'ST_PCODE' true true false 6 Text 0 0 ,First,#,G:\02_Base_map2\99_Scratch Data\Shape file editing.mdb\Admin_layers\mmr_polbnda_adm3_250k_mimu_2012,ST_PCODE,-1,-1;DT 'DT' true true false 50 Text 0 0 ,First,#,G:\02_Base_map2\99_Scratch Data\Shape file editing.mdb\Admin_layers\mmr_polbnda_adm3_250k_mimu_2012,DT,-1,-1;DT_PCODE 'DT_PCODE' true true false 10 Text 0 0 ,First,#,G:\02_Base_map2\99_Scratch Data\Shape file editing.mdb\Admin_layers\mmr_polbnda_adm3_250k_mimu_2012,DT_PCODE,-1,-1;TS 'TS' true true false 50 Text 0 0 ,First,#,G:\02_Base_map2\99_Scratch Data\Shape file editing.mdb\Admin_layers\mmr_polbnda_adm3_250k_mimu_2012,TS,-1,-1;TS_MYA 'TS_MYA' true true false 50 Text 0 0 ,First,#,G:\02_Base_map2\99_Scratch Data\Shape file editing.mdb\Admin_layers\mmr_polbnda_adm3_250k_mimu_2012,TS_MYA,-1,-1;TS_PCODE 'TS_PCODE' true true false 9 Text 0 0 ,First,#,G:\02_Base_map2\99_Scratch Data\Shape file editing.mdb\Admin_layers\mmr_polbnda_adm3_250k_mimu_2012,TS_PCODE,-1,-1" # "G:\02_Base_map2\99_Scratch Data\mmr_polbndl_adm3_250k_mimu2012a.shp"</Process><Process ToolSource="C:\Program Files\ArcGIS\ArcToolbox\Toolboxes\Conversion Tools.tbx\FeatureClassToFeatureClass" Date="20120208" Time="161759">FeatureClassToFeatureClass "G:\02_Base_map2\99_Scratch Data\mmr_polbndl_adm3_250k_mimu2012a.shp" "G:\02_Base_map2\99_Scratch Data\Shape file editing.mdb\Admin_layers" mmr_polpnda_adm3_250k_mimu_2012 # "ST 'ST' true true false 50 Text 0 0 ,First,#,G:\02_Base_map2\99_Scratch Data\mmr_polbndl_adm3_250k_mimu2012a.shp,ST,-1,-1;ST_PCODE 'ST_PCODE' true true false 6 Text 0 0 ,First,#,G:\02_Base_map2\99_Scratch Data\mmr_polbndl_adm3_250k_mimu2012a.shp,ST_PCODE,-1,-1;DT 'DT' true true false 50 Text 0 0 ,First,#,G:\02_Base_map2\99_Scratch Data\mmr_polbndl_adm3_250k_mimu2012a.shp,DT,-1,-1;DT_PCODE 'DT_PCODE' true true false 10 Text 0 0 ,First,#,G:\02_Base_map2\99_Scratch Data\mmr_polbndl_adm3_250k_mimu2012a.shp,DT_PCODE,-1,-1;TS 'TS' true true false 50 Text 0 0 ,First,#,G:\02_Base_map2\99_Scratch Data\mmr_polbndl_adm3_250k_mimu2012a.shp,TS,-1,-1;TS_MYA 'TS_MYA' true true false 50 Text 0 0 ,First,#,G:\02_Base_map2\99_Scratch Data\mmr_polbndl_adm3_250k_mimu2012a.shp,TS_MYA,-1,-1;TS_PCODE 'TS_PCODE' true true false 9 Text 0 0 ,First,#,G:\02_Base_map2\99_Scratch Data\mmr_polbndl_adm3_250k_mimu2012a.shp,TS_PCODE,-1,-1" # "G:\02_Base_map2\99_Scratch Data\Shape file editing.mdb\Admin_layers\mmr_polpnda_adm3_250k_mimu_2012"</Process><Process ToolSource="C:\Program Files\ArcGIS\ArcToolbox\Toolboxes\Conversion Tools.tbx\FeatureClassToFeatureClass" Date="20120213" Time="132940">FeatureClassToFeatureClass "G:\02_Base_map2\99_Scratch Data\Shape file editing.mdb\Admin_layers\mmr_polpnda_adm3_250k_mimu_2012" G:\02_Base_map2\01_Admin mmr_polpnda_adm3_250k_mimu.shp # "ST 'ST' true true false 50 Text 0 0 ,First,#,G:\02_Base_map2\99_Scratch Data\Shape file editing.mdb\Admin_layers\mmr_polpnda_adm3_250k_mimu_2012,ST,-1,-1;ST_PCODE 'ST_PCODE' true true false 6 Text 0 0 ,First,#,G:\02_Base_map2\99_Scratch Data\Shape file editing.mdb\Admin_layers\mmr_polpnda_adm3_250k_mimu_2012,ST_PCODE,-1,-1;DT 'DT' true true false 50 Text 0 0 ,First,#,G:\02_Base_map2\99_Scratch Data\Shape file editing.mdb\Admin_layers\mmr_polpnda_adm3_250k_mimu_2012,DT,-1,-1;DT_PCODE 'DT_PCODE' true true false 10 Text 0 0 ,First,#,G:\02_Base_map2\99_Scratch Data\Shape file editing.mdb\Admin_layers\mmr_polpnda_adm3_250k_mimu_2012,DT_PCODE,-1,-1;TS 'TS' true true false 50 Text 0 0 ,First,#,G:\02_Base_map2\99_Scratch Data\Shape file editing.mdb\Admin_layers\mmr_polpnda_adm3_250k_mimu_2012,TS,-1,-1;TS_MYA 'TS_MYA' true true false 50 Text 0 0 ,First,#,G:\02_Base_map2\99_Scratch Data\Shape file editing.mdb\Admin_layers\mmr_polpnda_adm3_250k_mimu_2012,TS_MYA,-1,-1;TS_PCODE 'TS_PCODE' true true false 9 Text 0 0 ,First,#,G:\02_Base_map2\99_Scratch Data\Shape file editing.mdb\Admin_layers\mmr_polpnda_adm3_250k_mimu_2012,TS_PCODE,-1,-1;Shape_Leng 'Shape_Length' false true true 8 Double 0 0 ,First,#,G:\02_Base_map2\99_Scratch Data\Shape file editing.mdb\Admin_layers\mmr_polpnda_adm3_250k_mimu_2012,Shape_Length,-1,-1;Shape_Area 'Shape_Area' false true true 8 Double 0 0 ,First,#,G:\02_Base_map2\99_Scratch Data\Shape file editing.mdb\Admin_layers\mmr_polpnda_adm3_250k_mimu_2012,Shape_Area,-1,-1" # G:\02_Base_map2\01_Admin\mmr_polpnda_adm3_250k_mimu.shp</Process><Process ToolSource="C:\Program Files (x86)\ArcGIS\Desktop10.0\ArcToolbox\Toolboxes\Data Management Tools.tbx\CalculateField" Date="20140613" Time="135048">CalculateField mmr_polbnda_adm3_250k_mimu DT "Yinmabin" VB #</Process><Process ToolSource="C:\Program Files (x86)\ArcGIS\Desktop10.0\ArcToolbox\Toolboxes\Data Management Tools.tbx\CalculateField" Date="20140613" Time="135109">CalculateField mmr_polbnda_adm3_250k_mimu DT_PCODE "MMR005D009" VB #</Process><Process ToolSource="C:\Program Files (x86)\ArcGIS\Desktop10.0\ArcToolbox\Toolboxes\Data Management Tools.tbx\CalculateField" Date="20140613" Time="135301">CalculateField mmr_polbnda_adm3_250k_mimu DT "Mrauk-U" VB #</Process><Process ToolSource="C:\Program Files (x86)\ArcGIS\Desktop10.0\ArcToolbox\Toolboxes\Data Management Tools.tbx\CalculateField" Date="20140613" Time="135322">CalculateField mmr_polbnda_adm3_250k_mimu DT_PCODE "MMR012D005" VB #</Process><Process ToolSource="C:\Program Files (x86)\ArcGIS\Desktop10.0\ArcToolbox\Toolboxes\Data Management Tools.tbx\CalculateField" Date="20140613" Time="135409">CalculateField mmr_polbnda_adm3_250k_mimu DT "Matman" VB #</Process><Process ToolSource="C:\Program Files (x86)\ArcGIS\Desktop10.0\ArcToolbox\Toolboxes\Data Management Tools.tbx\CalculateField" Date="20140613" Time="135429">CalculateField mmr_polbnda_adm3_250k_mimu DT_PCODE "MMR015D007" VB #</Process><Process ToolSource="C:\Program Files (x86)\ArcGIS\Desktop10.0\ArcToolbox\Toolboxes\Data Management Tools.tbx\CalculateField" Date="20140613" Time="140550">CalculateField mmr_polbnda_adm3_250k_mimu DT "Det Khi Na" VB #</Process><Process ToolSource="C:\Program Files (x86)\ArcGIS\Desktop10.0\ArcToolbox\Toolboxes\Data Management Tools.tbx\CalculateField" Date="20140613" Time="140621">CalculateField mmr_polbnda_adm3_250k_mimu DT_PCODE "MMR018D002" VB #</Process><Process ToolSource="C:\Program Files (x86)\ArcGIS\Desktop10.0\ArcToolbox\Toolboxes\Data Management Tools.tbx\CalculateField" Date="20140613" Time="140640">CalculateField mmr_polbnda_adm3_250k_mimu DT "Oke Ta Ra" VB #</Process><Process ToolSource="C:\Program Files (x86)\ArcGIS\Desktop10.0\ArcToolbox\Toolboxes\Data Management Tools.tbx\CalculateField" Date="20140613" Time="140653">CalculateField mmr_polbnda_adm3_250k_mimu DT_PCODE "MMR018D001" VB #</Process><Process ToolSource="C:\Program Files (x86)\ArcGIS\Desktop10.0\ArcToolbox\Toolboxes\Data Management Tools.tbx\CalculateField" Date="20150112" Time="135329">CalculateField mmr_polbnda_adm3_250k_mimu DT "Mongmit" VB #</Process><Process ToolSource="C:\Program Files (x86)\ArcGIS\Desktop10.0\ArcToolbox\Toolboxes\Data Management Tools.tbx\CalculateField" Date="20150212" Time="131135">CalculateField mmr_polbnda_adm3_250k_mimu DT_PCODE "MMR015D001" VB #</Process><Process ToolSource="C:\Program Files (x86)\ArcGIS\Desktop10.0\ArcToolbox\Toolboxes\Data Management Tools.tbx\CalculateField" Date="20150212" Time="131147">CalculateField mmr_polbnda_adm3_250k_mimu DT "Lashio" VB #</Process><Process ToolSource="C:\Program Files (x86)\ArcGIS\Desktop10.0\ArcToolbox\Toolboxes\Data Management Tools.tbx\CalculateField" Date="20150717" Time="095840">CalculateField Amyothahluttaw_Tsp_2015 Label2 "Kachin-1" VB #</Process><Process ToolSource="C:\Program Files (x86)\ArcGIS\Desktop10.0\ArcToolbox\Toolboxes\Data Management Tools.tbx\CalculateField" Date="20150717" Time="095850">CalculateField Amyothahluttaw_Tsp_2015 Label2 "Kachin-2" VB #</Process><Process ToolSource="C:\Program Files (x86)\ArcGIS\Desktop10.0\ArcToolbox\Toolboxes\Data Management Tools.tbx\CalculateField" Date="20150717" Time="095901">CalculateField Amyothahluttaw_Tsp_2015 Label2 "Kachin-3" VB #</Process><Process ToolSource="C:\Program Files (x86)\ArcGIS\Desktop10.0\ArcToolbox\Toolboxes\Data Management Tools.tbx\CalculateField" Date="20150717" Time="095912">CalculateField Amyothahluttaw_Tsp_2015 Label2 "Kachin-4" VB #</Process><Process ToolSource="C:\Program Files (x86)\ArcGIS\Desktop10.0\ArcToolbox\Toolboxes\Data Management Tools.tbx\CalculateField" Date="20150717" Time="095926">CalculateField Amyothahluttaw_Tsp_2015 Label2 "Kachin-5" VB #</Process><Process ToolSource="C:\Program Files (x86)\ArcGIS\Desktop10.0\ArcToolbox\Toolboxes\Data Management Tools.tbx\CalculateField" Date="20150717" Time="095943">CalculateField Amyothahluttaw_Tsp_2015 Label2 "Kachin-6" VB #</Process><Process ToolSource="C:\Program Files (x86)\ArcGIS\Desktop10.0\ArcToolbox\Toolboxes\Data Management Tools.tbx\CalculateField" Date="20150717" Time="100001">CalculateField Amyothahluttaw_Tsp_2015 Label2 "Kachin-8" VB #</Process><Process ToolSource="C:\Program Files (x86)\ArcGIS\Desktop10.0\ArcToolbox\Toolboxes\Data Management Tools.tbx\CalculateField" Date="20150717" Time="100012">CalculateField Amyothahluttaw_Tsp_2015 Label2 "Kachin-9" VB #</Process><Process ToolSource="C:\Program Files (x86)\ArcGIS\Desktop10.0\ArcToolbox\Toolboxes\Data Management Tools.tbx\CalculateField" Date="20150717" Time="100024">CalculateField Amyothahluttaw_Tsp_2015 Label2 "Kachin-10" VB #</Process><Process ToolSource="C:\Program Files (x86)\ArcGIS\Desktop10.0\ArcToolbox\Toolboxes\Data Management Tools.tbx\CalculateField" Date="20150717" Time="100036">CalculateField Amyothahluttaw_Tsp_2015 Label2 "Kachin-11" VB #</Process><Process ToolSource="C:\Program Files (x86)\ArcGIS\Desktop10.0\ArcToolbox\Toolboxes\Data Management Tools.tbx\CalculateField" Date="20150717" Time="100053">CalculateField Amyothahluttaw_Tsp_2015 Label2 "Kachin-12" VB #</Process><Process ToolSource="C:\Program Files (x86)\ArcGIS\Desktop10.0\ArcToolbox\Toolboxes\Data Management Tools.tbx\CalculateField" Date="20150717" Time="100848">CalculateField Amyothahluttaw_Tsp_2015 Label2 "Kayah-1" VB #</Process><Process ToolSource="C:\Program Files (x86)\ArcGIS\Desktop10.0\ArcToolbox\Toolboxes\Data Management Tools.tbx\CalculateField" Date="20150717" Time="100909">CalculateField Amyothahluttaw_Tsp_2015 Label2 "Kayah-3" VB #</Process><Process ToolSource="C:\Program Files (x86)\ArcGIS\Desktop10.0\ArcToolbox\Toolboxes\Data Management Tools.tbx\CalculateField" Date="20150717" Time="100926">CalculateField Amyothahluttaw_Tsp_2015 Label2 "Kayah-5" VB #</Process><Process ToolSource="C:\Program Files (x86)\ArcGIS\Desktop10.0\ArcToolbox\Toolboxes\Data Management Tools.tbx\CalculateField" Date="20150717" Time="101107">CalculateField Amyothahluttaw_Tsp_2015 Label2 "Kayah-7" VB #</Process><Process ToolSource="C:\Program Files (x86)\ArcGIS\Desktop10.0\ArcToolbox\Toolboxes\Data Management Tools.tbx\CalculateField" Date="20150717" Time="101117">CalculateField Amyothahluttaw_Tsp_2015 Label2 "Kayah-8" VB #</Process><Process ToolSource="C:\Program Files (x86)\ArcGIS\Desktop10.0\ArcToolbox\Toolboxes\Data Management Tools.tbx\CalculateField" Date="20150717" Time="101134">CalculateField Amyothahluttaw_Tsp_2015 Label2 "Kayah-10" VB #</Process><Process ToolSource="C:\Program Files (x86)\ArcGIS\Desktop10.0\ArcToolbox\Toolboxes\Data Management Tools.tbx\CalculateField" Date="20150717" Time="101149">CalculateField Amyothahluttaw_Tsp_2015 Label2 "Kayah-12" VB #</Process><Process ToolSource="C:\Program Files (x86)\ArcGIS\Desktop10.0\ArcToolbox\Toolboxes\Data Management Tools.tbx\CalculateField" Date="20150717" Time="101325">CalculateField Amyothahluttaw_Tsp_2015 Label2 "Kachin-6/7" VB #</Process><Process ToolSource="C:\Program Files (x86)\ArcGIS\Desktop10.0\ArcToolbox\Toolboxes\Data Management Tools.tbx\CalculateField" Date="20150717" Time="101403">CalculateField Amyothahluttaw_Tsp_2015 Label2 "Kayah-1/2" VB #</Process><Process ToolSource="C:\Program Files (x86)\ArcGIS\Desktop10.0\ArcToolbox\Toolboxes\Data Management Tools.tbx\CalculateField" Date="20150717" Time="101412">CalculateField Amyothahluttaw_Tsp_2015 Label2 "Kayah-3/4" VB #</Process><Process ToolSource="C:\Program Files (x86)\ArcGIS\Desktop10.0\ArcToolbox\Toolboxes\Data Management Tools.tbx\CalculateField" Date="20150717" Time="101422">CalculateField Amyothahluttaw_Tsp_2015 Label2 "Kayah-5/6" VB #</Process><Process ToolSource="C:\Program Files (x86)\ArcGIS\Desktop10.0\ArcToolbox\Toolboxes\Data Management Tools.tbx\CalculateField" Date="20150717" Time="101432">CalculateField Amyothahluttaw_Tsp_2015 Label2 "Kayah-7/8" VB #</Process><Process ToolSource="C:\Program Files (x86)\ArcGIS\Desktop10.0\ArcToolbox\Toolboxes\Data Management Tools.tbx\CalculateField" Date="20150717" Time="101447">CalculateField Amyothahluttaw_Tsp_2015 Label2 "Kayah-7" VB #</Process><Process ToolSource="C:\Program Files (x86)\ArcGIS\Desktop10.0\ArcToolbox\Toolboxes\Data Management Tools.tbx\CalculateField" Date="20150717" Time="101457">CalculateField Amyothahluttaw_Tsp_2015 Label2 "Kayah-8/9" VB #</Process><Process ToolSource="C:\Program Files (x86)\ArcGIS\Desktop10.0\ArcToolbox\Toolboxes\Data Management Tools.tbx\CalculateField" Date="20150717" Time="101515">CalculateField Amyothahluttaw_Tsp_2015 Label2 "Kayah-10/11" VB #</Process><Process ToolSource="C:\Program Files (x86)\ArcGIS\Desktop10.0\ArcToolbox\Toolboxes\Data Management Tools.tbx\CalculateField" Date="20150717" Time="101559">CalculateField Amyothahluttaw_Tsp_2015 Label2 "Kayin-1/2" VB #</Process><Process ToolSource="C:\Program Files (x86)\ArcGIS\Desktop10.0\ArcToolbox\Toolboxes\Data Management Tools.tbx\CalculateField" Date="20150717" Time="101623">CalculateField Amyothahluttaw_Tsp_2015 Label2 "Kayin-3/4" VB #</Process><Process ToolSource="C:\Program Files (x86)\ArcGIS\Desktop10.0\ArcToolbox\Toolboxes\Data Management Tools.tbx\CalculateField" Date="20150717" Time="101641">CalculateField Amyothahluttaw_Tsp_2015 Label2 "Kayin-5/6" VB #</Process><Process ToolSource="C:\Program Files (x86)\ArcGIS\Desktop10.0\ArcToolbox\Toolboxes\Data Management Tools.tbx\CalculateField" Date="20150717" Time="101654">CalculateField Amyothahluttaw_Tsp_2015 Label2 "Kayin-7" VB #</Process><Process ToolSource="C:\Program Files (x86)\ArcGIS\Desktop10.0\ArcToolbox\Toolboxes\Data Management Tools.tbx\CalculateField" Date="20150717" Time="101704">CalculateField Amyothahluttaw_Tsp_2015 Label2 "Kayin-8" VB #</Process><Process ToolSource="C:\Program Files (x86)\ArcGIS\Desktop10.0\ArcToolbox\Toolboxes\Data Management Tools.tbx\CalculateField" Date="20150717" Time="101720">CalculateField Amyothahluttaw_Tsp_2015 Label2 "Kayin-9/10" VB #</Process><Process ToolSource="C:\Program Files (x86)\ArcGIS\Desktop10.0\ArcToolbox\Toolboxes\Data Management Tools.tbx\CalculateField" Date="20150717" Time="101738">CalculateField Amyothahluttaw_Tsp_2015 Label2 "Kayin-11/12" VB #</Process><Process ToolSource="C:\Program Files (x86)\ArcGIS\Desktop10.0\ArcToolbox\Toolboxes\Data Management Tools.tbx\CalculateField" Date="20150717" Time="101806">CalculateField Amyothahluttaw_Tsp_2015 Label2 "Chin-1/2" VB #</Process><Process ToolSource="C:\Program Files (x86)\ArcGIS\Desktop10.0\ArcToolbox\Toolboxes\Data Management Tools.tbx\CalculateField" Date="20150717" Time="101825">CalculateField Amyothahluttaw_Tsp_2015 Label2 "Chin-3" VB #</Process><Process ToolSource="C:\Program Files (x86)\ArcGIS\Desktop10.0\ArcToolbox\Toolboxes\Data Management Tools.tbx\CalculateField" Date="20150717" Time="101837">CalculateField Amyothahluttaw_Tsp_2015 Label2 "Chin-4" VB #</Process><Process ToolSource="C:\Program Files (x86)\ArcGIS\Desktop10.0\ArcToolbox\Toolboxes\Data Management Tools.tbx\CalculateField" Date="20150717" Time="101850">CalculateField Amyothahluttaw_Tsp_2015 Label2 "Chin-5/6" VB #</Process><Process ToolSource="C:\Program Files (x86)\ArcGIS\Desktop10.0\ArcToolbox\Toolboxes\Data Management Tools.tbx\CalculateField" Date="20150717" Time="101906">CalculateField Amyothahluttaw_Tsp_2015 Label2 "Chin-7" VB #</Process><Process ToolSource="C:\Program Files (x86)\ArcGIS\Desktop10.0\ArcToolbox\Toolboxes\Data Management Tools.tbx\CalculateField" Date="20150717" Time="101914">CalculateField Amyothahluttaw_Tsp_2015 Label2 "Chin-8" VB #</Process><Process ToolSource="C:\Program Files (x86)\ArcGIS\Desktop10.0\ArcToolbox\Toolboxes\Data Management Tools.tbx\CalculateField" Date="20150717" Time="101929">CalculateField Amyothahluttaw_Tsp_2015 Label2 "Chin-9" VB #</Process><Process ToolSource="C:\Program Files (x86)\ArcGIS\Desktop10.0\ArcToolbox\Toolboxes\Data Management Tools.tbx\CalculateField" Date="20150717" Time="101941">CalculateField Amyothahluttaw_Tsp_2015 Label2 "Chin-10" VB #</Process><Process ToolSource="C:\Program Files (x86)\ArcGIS\Desktop10.0\ArcToolbox\Toolboxes\Data Management Tools.tbx\CalculateField" Date="20150717" Time="101958">CalculateField Amyothahluttaw_Tsp_2015 Label2 "Chin-11/12" VB #</Process><Process ToolSource="C:\Program Files (x86)\ArcGIS\Desktop10.0\ArcToolbox\Toolboxes\Data Management Tools.tbx\CalculateField" Date="20150717" Time="102021">CalculateField Amyothahluttaw_Tsp_2015 Label2 "Sagaing-1" VB #</Process><Process ToolSource="C:\Program Files (x86)\ArcGIS\Desktop10.0\ArcToolbox\Toolboxes\Data Management Tools.tbx\CalculateField" Date="20150717" Time="102036">CalculateField Amyothahluttaw_Tsp_2015 Label2 "Sagaing-2" VB #</Process><Process ToolSource="C:\Program Files (x86)\ArcGIS\Desktop10.0\ArcToolbox\Toolboxes\Data Management Tools.tbx\CalculateField" Date="20150717" Time="102050">CalculateField Amyothahluttaw_Tsp_2015 Label2 "Sagaing-3" VB #</Process><Process ToolSource="C:\Program Files (x86)\ArcGIS\Desktop10.0\ArcToolbox\Toolboxes\Data Management Tools.tbx\CalculateField" Date="20150717" Time="102058">CalculateField Amyothahluttaw_Tsp_2015 Label2 "Sagaing-4" VB #</Process><Process ToolSource="C:\Program Files (x86)\ArcGIS\Desktop10.0\ArcToolbox\Toolboxes\Data Management Tools.tbx\CalculateField" Date="20150717" Time="102110">CalculateField Amyothahluttaw_Tsp_2015 Label2 "Sagaing-5" VB #</Process><Process ToolSource="C:\Program Files (x86)\ArcGIS\Desktop10.0\ArcToolbox\Toolboxes\Data Management Tools.tbx\CalculateField" Date="20150717" Time="102132">CalculateField Amyothahluttaw_Tsp_2015 Label2 "Sagaing-6" VB #</Process><Process ToolSource="C:\Program Files (x86)\ArcGIS\Desktop10.0\ArcToolbox\Toolboxes\Data Management Tools.tbx\CalculateField" Date="20150717" Time="102149">CalculateField Amyothahluttaw_Tsp_2015 Label2 "Sagaing-7" VB #</Process><Process ToolSource="C:\Program Files (x86)\ArcGIS\Desktop10.0\ArcToolbox\Toolboxes\Data Management Tools.tbx\CalculateField" Date="20150717" Time="102206">CalculateField Amyothahluttaw_Tsp_2015 Label2 "Sagaing-8" VB #</Process><Process ToolSource="C:\Program Files (x86)\ArcGIS\Desktop10.0\ArcToolbox\Toolboxes\Data Management Tools.tbx\CalculateField" Date="20150717" Time="102215">CalculateField Amyothahluttaw_Tsp_2015 Label2 "Sagaing-9" VB #</Process><Process ToolSource="C:\Program Files (x86)\ArcGIS\Desktop10.0\ArcToolbox\Toolboxes\Data Management Tools.tbx\CalculateField" Date="20150717" Time="102236">CalculateField Amyothahluttaw_Tsp_2015 Label2 "Sagaing-10" VB #</Process><Process ToolSource="C:\Program Files (x86)\ArcGIS\Desktop10.0\ArcToolbox\Toolboxes\Data Management Tools.tbx\CalculateField" Date="20150717" Time="102252">CalculateField Amyothahluttaw_Tsp_2015 Label2 "Sagaing-11" VB #</Process><Process ToolSource="C:\Program Files (x86)\ArcGIS\Desktop10.0\ArcToolbox\Toolboxes\Data Management Tools.tbx\CalculateField" Date="20150717" Time="102304">CalculateField Amyothahluttaw_Tsp_2015 Label2 "Sagaing-12" VB #</Process><Process ToolSource="C:\Program Files (x86)\ArcGIS\Desktop10.0\ArcToolbox\Toolboxes\Data Management Tools.tbx\CalculateField" Date="20150717" Time="102845">CalculateField Amyothahluttaw_Tsp_2015 Label2 "Tanintharyi-1" VB #</Process><Process ToolSource="C:\Program Files (x86)\ArcGIS\Desktop10.0\ArcToolbox\Toolboxes\Data Management Tools.tbx\CalculateField" Date="20150717" Time="102855">CalculateField Amyothahluttaw_Tsp_2015 Label2 "Tanintharyi-2" VB #</Process><Process ToolSource="C:\Program Files (x86)\ArcGIS\Desktop10.0\ArcToolbox\Toolboxes\Data Management Tools.tbx\CalculateField" Date="20150717" Time="102912">CalculateField Amyothahluttaw_Tsp_2015 Label2 "Tanintharyi-3" VB #</Process><Process ToolSource="C:\Program Files (x86)\ArcGIS\Desktop10.0\ArcToolbox\Toolboxes\Data Management Tools.tbx\CalculateField" Date="20150717" Time="103144">CalculateField Amyothahluttaw_Tsp_2015 Label2 "Tanintharyi-4" VB #</Process><Process ToolSource="C:\Program Files (x86)\ArcGIS\Desktop10.0\ArcToolbox\Toolboxes\Data Management Tools.tbx\CalculateField" Date="20150717" Time="103159">CalculateField Amyothahluttaw_Tsp_2015 Label2 "Tanintharyi-5/6" VB #</Process><Process ToolSource="C:\Program Files (x86)\ArcGIS\Desktop10.0\ArcToolbox\Toolboxes\Data Management Tools.tbx\CalculateField" Date="20150717" Time="103216">CalculateField Amyothahluttaw_Tsp_2015 Label2 "Tanintharyi-7/8" VB #</Process><Process ToolSource="C:\Program Files (x86)\ArcGIS\Desktop10.0\ArcToolbox\Toolboxes\Data Management Tools.tbx\CalculateField" Date="20150717" Time="103226">CalculateField Amyothahluttaw_Tsp_2015 Label2 "Tanintharyi-9" VB #</Process><Process ToolSource="C:\Program Files (x86)\ArcGIS\Desktop10.0\ArcToolbox\Toolboxes\Data Management Tools.tbx\CalculateField" Date="20150717" Time="103237">CalculateField Amyothahluttaw_Tsp_2015 Label2 "Tanintharyi-10" VB #</Process><Process ToolSource="C:\Program Files (x86)\ArcGIS\Desktop10.0\ArcToolbox\Toolboxes\Data Management Tools.tbx\CalculateField" Date="20150717" Time="103253">CalculateField Amyothahluttaw_Tsp_2015 Label2 "Tanintharyi-11" VB #</Process><Process ToolSource="C:\Program Files (x86)\ArcGIS\Desktop10.0\ArcToolbox\Toolboxes\Data Management Tools.tbx\CalculateField" Date="20150717" Time="103300">CalculateField Amyothahluttaw_Tsp_2015 Label2 "Tanintharyi-12" VB #</Process><Process ToolSource="C:\Program Files (x86)\ArcGIS\Desktop10.0\ArcToolbox\Toolboxes\Data Management Tools.tbx\CalculateField" Date="20150717" Time="104350">CalculateField Amyothahluttaw_Tsp_2015 Label2 "Bago-1" VB #</Process><Process ToolSource="C:\Program Files (x86)\ArcGIS\Desktop10.0\ArcToolbox\Toolboxes\Data Management Tools.tbx\CalculateField" Date="20150717" Time="104359">CalculateField Amyothahluttaw_Tsp_2015 Label2 "Bago-2" VB #</Process><Process ToolSource="C:\Program Files (x86)\ArcGIS\Desktop10.0\ArcToolbox\Toolboxes\Data Management Tools.tbx\CalculateField" Date="20150717" Time="104413">CalculateField Amyothahluttaw_Tsp_2015 Label2 "Bago-3" VB #</Process><Process ToolSource="C:\Program Files (x86)\ArcGIS\Desktop10.0\ArcToolbox\Toolboxes\Data Management Tools.tbx\CalculateField" Date="20150717" Time="104428">CalculateField Amyothahluttaw_Tsp_2015 Label2 "Bago-4" VB #</Process><Process ToolSource="C:\Program Files (x86)\ArcGIS\Desktop10.0\ArcToolbox\Toolboxes\Data Management Tools.tbx\CalculateField" Date="20150717" Time="104444">CalculateField Amyothahluttaw_Tsp_2015 Label2 "Bago-5" VB #</Process><Process ToolSource="C:\Program Files (x86)\ArcGIS\Desktop10.0\ArcToolbox\Toolboxes\Data Management Tools.tbx\CalculateField" Date="20150717" Time="104455">CalculateField Amyothahluttaw_Tsp_2015 Label2 "Bago-6" VB #</Process><Process ToolSource="C:\Program Files (x86)\ArcGIS\Desktop10.0\ArcToolbox\Toolboxes\Data Management Tools.tbx\CalculateField" Date="20150717" Time="104520">CalculateField Amyothahluttaw_Tsp_2015 Label2 "Bago-8" VB #</Process><Process ToolSource="C:\Program Files (x86)\ArcGIS\Desktop10.0\ArcToolbox\Toolboxes\Data Management Tools.tbx\CalculateField" Date="20150717" Time="104556">CalculateField Amyothahluttaw_Tsp_2015 Label2 "Bago-7" VB #</Process><Process ToolSource="C:\Program Files (x86)\ArcGIS\Desktop10.0\ArcToolbox\Toolboxes\Data Management Tools.tbx\CalculateField" Date="20150717" Time="104605">CalculateField Amyothahluttaw_Tsp_2015 Label2 "Bago-6" VB #</Process><Process ToolSource="C:\Program Files (x86)\ArcGIS\Desktop10.0\ArcToolbox\Toolboxes\Data Management Tools.tbx\CalculateField" Date="20150717" Time="104622">CalculateField Amyothahluttaw_Tsp_2015 Label2 "Bago-9" VB #</Process><Process ToolSource="C:\Program Files (x86)\ArcGIS\Desktop10.0\ArcToolbox\Toolboxes\Data Management Tools.tbx\CalculateField" Date="20150717" Time="104632">CalculateField Amyothahluttaw_Tsp_2015 Label2 "Bago-10" VB #</Process><Process ToolSource="C:\Program Files (x86)\ArcGIS\Desktop10.0\ArcToolbox\Toolboxes\Data Management Tools.tbx\CalculateField" Date="20150717" Time="104647">CalculateField Amyothahluttaw_Tsp_2015 Label2 "Bago-11" VB #</Process><Process ToolSource="C:\Program Files (x86)\ArcGIS\Desktop10.0\ArcToolbox\Toolboxes\Data Management Tools.tbx\CalculateField" Date="20150717" Time="104701">CalculateField Amyothahluttaw_Tsp_2015 Label2 "Bago-12" VB #</Process><Process ToolSource="C:\Program Files (x86)\ArcGIS\Desktop10.0\ArcToolbox\Toolboxes\Data Management Tools.tbx\CalculateField" Date="20150717" Time="104714">CalculateField Amyothahluttaw_Tsp_2015 Label2 "Magway-1" VB #</Process><Process ToolSource="C:\Program Files (x86)\ArcGIS\Desktop10.0\ArcToolbox\Toolboxes\Data Management Tools.tbx\CalculateField" Date="20150717" Time="104724">CalculateField Amyothahluttaw_Tsp_2015 Label2 "Magway-2" VB #</Process><Process ToolSource="C:\Program Files (x86)\ArcGIS\Desktop10.0\ArcToolbox\Toolboxes\Data Management Tools.tbx\CalculateField" Date="20150717" Time="104738">CalculateField Amyothahluttaw_Tsp_2015 Label2 "Magway-3" VB #</Process><Process ToolSource="C:\Program Files (x86)\ArcGIS\Desktop10.0\ArcToolbox\Toolboxes\Data Management Tools.tbx\CalculateField" Date="20150717" Time="104819">CalculateField Amyothahluttaw_Tsp_2015 Label2 "Magway-5" VB #</Process><Process ToolSource="C:\Program Files (x86)\ArcGIS\Desktop10.0\ArcToolbox\Toolboxes\Data Management Tools.tbx\CalculateField" Date="20150717" Time="104831">CalculateField Amyothahluttaw_Tsp_2015 Label2 "Magway-6" VB #</Process><Process ToolSource="C:\Program Files (x86)\ArcGIS\Desktop10.0\ArcToolbox\Toolboxes\Data Management Tools.tbx\CalculateField" Date="20150717" Time="104848">CalculateField Amyothahluttaw_Tsp_2015 Label2 "Magway-7" VB #</Process><Process ToolSource="C:\Program Files (x86)\ArcGIS\Desktop10.0\ArcToolbox\Toolboxes\Data Management Tools.tbx\CalculateField" Date="20150717" Time="104902">CalculateField Amyothahluttaw_Tsp_2015 Label2 "Magway-8" VB #</Process><Process ToolSource="C:\Program Files (x86)\ArcGIS\Desktop10.0\ArcToolbox\Toolboxes\Data Management Tools.tbx\CalculateField" Date="20150717" Time="104919">CalculateField Amyothahluttaw_Tsp_2015 Label2 "Magway-9" VB #</Process><Process ToolSource="C:\Program Files (x86)\ArcGIS\Desktop10.0\ArcToolbox\Toolboxes\Data Management Tools.tbx\CalculateField" Date="20150717" Time="104929">CalculateField Amyothahluttaw_Tsp_2015 Label2 "Magway-10" VB #</Process><Process ToolSource="C:\Program Files (x86)\ArcGIS\Desktop10.0\ArcToolbox\Toolboxes\Data Management Tools.tbx\CalculateField" Date="20150717" Time="104940">CalculateField Amyothahluttaw_Tsp_2015 Label2 "Magway-11" VB #</Process><Process ToolSource="C:\Program Files (x86)\ArcGIS\Desktop10.0\ArcToolbox\Toolboxes\Data Management Tools.tbx\CalculateField" Date="20150717" Time="104955">CalculateField Amyothahluttaw_Tsp_2015 Label2 "Magway-12" VB #</Process><Process ToolSource="C:\Program Files (x86)\ArcGIS\Desktop10.0\ArcToolbox\Toolboxes\Data Management Tools.tbx\CalculateField" Date="20150717" Time="105038">CalculateField Amyothahluttaw_Tsp_2015 Label2 "Mandalay-1" VB #</Process><Process ToolSource="C:\Program Files (x86)\ArcGIS\Desktop10.0\ArcToolbox\Toolboxes\Data Management Tools.tbx\CalculateField" Date="20150717" Time="105053">CalculateField Amyothahluttaw_Tsp_2015 Label2 "Mandalay-2" VB #</Process><Process ToolSource="C:\Program Files (x86)\ArcGIS\Desktop10.0\ArcToolbox\Toolboxes\Data Management Tools.tbx\CalculateField" Date="20150717" Time="105112">CalculateField Amyothahluttaw_Tsp_2015 Label2 "Mandalay-3" VB #</Process><Process ToolSource="C:\Program Files (x86)\ArcGIS\Desktop10.0\ArcToolbox\Toolboxes\Data Management Tools.tbx\CalculateField" Date="20150717" Time="105124">CalculateField Amyothahluttaw_Tsp_2015 Label2 "Mandalay-4" VB #</Process><Process ToolSource="C:\Program Files (x86)\ArcGIS\Desktop10.0\ArcToolbox\Toolboxes\Data Management Tools.tbx\CalculateField" Date="20150717" Time="105138">CalculateField Amyothahluttaw_Tsp_2015 Label2 "Mandalay-5" VB #</Process><Process ToolSource="C:\Program Files (x86)\ArcGIS\Desktop10.0\ArcToolbox\Toolboxes\Data Management Tools.tbx\CalculateField" Date="20150717" Time="105149">CalculateField Amyothahluttaw_Tsp_2015 Label2 "Mandalay-6" VB #</Process><Process ToolSource="C:\Program Files (x86)\ArcGIS\Desktop10.0\ArcToolbox\Toolboxes\Data Management Tools.tbx\CalculateField" Date="20150717" Time="105201">CalculateField Amyothahluttaw_Tsp_2015 Label2 "Mandalay-7" VB #</Process><Process ToolSource="C:\Program Files (x86)\ArcGIS\Desktop10.0\ArcToolbox\Toolboxes\Data Management Tools.tbx\CalculateField" Date="20150717" Time="105216">CalculateField Amyothahluttaw_Tsp_2015 Label2 "Mandalay-8" VB #</Process><Process ToolSource="C:\Program Files (x86)\ArcGIS\Desktop10.0\ArcToolbox\Toolboxes\Data Management Tools.tbx\CalculateField" Date="20150717" Time="105247">CalculateField Amyothahluttaw_Tsp_2015 Label2 "Mandalay-11" VB #</Process><Process ToolSource="C:\Program Files (x86)\ArcGIS\Desktop10.0\ArcToolbox\Toolboxes\Data Management Tools.tbx\CalculateField" Date="20150717" Time="105304">CalculateField Amyothahluttaw_Tsp_2015 Label2 "Mandalay-12" VB #</Process><Process ToolSource="C:\Program Files (x86)\ArcGIS\Desktop10.0\ArcToolbox\Toolboxes\Data Management Tools.tbx\CalculateField" Date="20150717" Time="105351">CalculateField Amyothahluttaw_Tsp_2015 Label2 "Mandalay-9" VB #</Process><Process ToolSource="C:\Program Files (x86)\ArcGIS\Desktop10.0\ArcToolbox\Toolboxes\Data Management Tools.tbx\CalculateField" Date="20150717" Time="105403">CalculateField Amyothahluttaw_Tsp_2015 Label2 "Mandalay-10" VB #</Process><Process ToolSource="C:\Program Files (x86)\ArcGIS\Desktop10.0\ArcToolbox\Toolboxes\Data Management Tools.tbx\CalculateField" Date="20150717" Time="105427">CalculateField Amyothahluttaw_Tsp_2015 Label2 "Mon-1/2" VB #</Process><Process ToolSource="C:\Program Files (x86)\ArcGIS\Desktop10.0\ArcToolbox\Toolboxes\Data Management Tools.tbx\CalculateField" Date="20150717" Time="105437">CalculateField Amyothahluttaw_Tsp_2015 Label2 "Mon-3" VB #</Process><Process ToolSource="C:\Program Files (x86)\ArcGIS\Desktop10.0\ArcToolbox\Toolboxes\Data Management Tools.tbx\CalculateField" Date="20150717" Time="105449">CalculateField Amyothahluttaw_Tsp_2015 Label2 "Mon-4" VB #</Process><Process ToolSource="C:\Program Files (x86)\ArcGIS\Desktop10.0\ArcToolbox\Toolboxes\Data Management Tools.tbx\CalculateField" Date="20150717" Time="105458">CalculateField Amyothahluttaw_Tsp_2015 Label2 "Mon-5" VB #</Process><Process ToolSource="C:\Program Files (x86)\ArcGIS\Desktop10.0\ArcToolbox\Toolboxes\Data Management Tools.tbx\CalculateField" Date="20150717" Time="105507">CalculateField Amyothahluttaw_Tsp_2015 Label2 "Mon-6" VB #</Process><Process ToolSource="C:\Program Files (x86)\ArcGIS\Desktop10.0\ArcToolbox\Toolboxes\Data Management Tools.tbx\CalculateField" Date="20150717" Time="105518">CalculateField Amyothahluttaw_Tsp_2015 Label2 "Mon-7/8" VB #</Process><Process ToolSource="C:\Program Files (x86)\ArcGIS\Desktop10.0\ArcToolbox\Toolboxes\Data Management Tools.tbx\CalculateField" Date="20150717" Time="105538">CalculateField Amyothahluttaw_Tsp_2015 Label2 "Mon-9" VB #</Process><Process ToolSource="C:\Program Files (x86)\ArcGIS\Desktop10.0\ArcToolbox\Toolboxes\Data Management Tools.tbx\CalculateField" Date="20150717" Time="105551">CalculateField Amyothahluttaw_Tsp_2015 Label2 "Mon-10" VB #</Process><Process ToolSource="C:\Program Files (x86)\ArcGIS\Desktop10.0\ArcToolbox\Toolboxes\Data Management Tools.tbx\CalculateField" Date="20150717" Time="105558">CalculateField Amyothahluttaw_Tsp_2015 Label2 "Mon-11" VB #</Process><Process ToolSource="C:\Program Files (x86)\ArcGIS\Desktop10.0\ArcToolbox\Toolboxes\Data Management Tools.tbx\CalculateField" Date="20150717" Time="105610">CalculateField Amyothahluttaw_Tsp_2015 Label2 "Mon-12" VB #</Process><Process ToolSource="C:\Program Files (x86)\ArcGIS\Desktop10.0\ArcToolbox\Toolboxes\Data Management Tools.tbx\CalculateField" Date="20150717" Time="105629">CalculateField Amyothahluttaw_Tsp_2015 Label2 "Rakhine-1" VB #</Process><Process ToolSource="C:\Program Files (x86)\ArcGIS\Desktop10.0\ArcToolbox\Toolboxes\Data Management Tools.tbx\CalculateField" Date="20150717" Time="105639">CalculateField Amyothahluttaw_Tsp_2015 Label2 "Rakhine-2" VB #</Process><Process ToolSource="C:\Program Files (x86)\ArcGIS\Desktop10.0\ArcToolbox\Toolboxes\Data Management Tools.tbx\CalculateField" Date="20150717" Time="105656">CalculateField Amyothahluttaw_Tsp_2015 Label2 "Rakhine-3" VB #</Process><Process ToolSource="C:\Program Files (x86)\ArcGIS\Desktop10.0\ArcToolbox\Toolboxes\Data Management Tools.tbx\CalculateField" Date="20150717" Time="105706">CalculateField Amyothahluttaw_Tsp_2015 Label2 "Rakhine-4" VB #</Process><Process ToolSource="C:\Program Files (x86)\ArcGIS\Desktop10.0\ArcToolbox\Toolboxes\Data Management Tools.tbx\CalculateField" Date="20150717" Time="105717">CalculateField Amyothahluttaw_Tsp_2015 Label2 "Rakhine-5" VB #</Process><Process ToolSource="C:\Program Files (x86)\ArcGIS\Desktop10.0\ArcToolbox\Toolboxes\Data Management Tools.tbx\CalculateField" Date="20150717" Time="105727">CalculateField Amyothahluttaw_Tsp_2015 Label2 "Rakhine-6" VB #</Process><Process ToolSource="C:\Program Files (x86)\ArcGIS\Desktop10.0\ArcToolbox\Toolboxes\Data Management Tools.tbx\CalculateField" Date="20150717" Time="105744">CalculateField Amyothahluttaw_Tsp_2015 Label2 "Rakhine-7/8" VB #</Process><Process ToolSource="C:\Program Files (x86)\ArcGIS\Desktop10.0\ArcToolbox\Toolboxes\Data Management Tools.tbx\CalculateField" Date="20150717" Time="105810">CalculateField Amyothahluttaw_Tsp_2015 Label2 "Rakhine-9" VB #</Process><Process ToolSource="C:\Program Files (x86)\ArcGIS\Desktop10.0\ArcToolbox\Toolboxes\Data Management Tools.tbx\CalculateField" Date="20150717" Time="105845">CalculateField Amyothahluttaw_Tsp_2015 Label2 "Rakhine-10" VB #</Process><Process ToolSource="C:\Program Files (x86)\ArcGIS\Desktop10.0\ArcToolbox\Toolboxes\Data Management Tools.tbx\CalculateField" Date="20150717" Time="105854">CalculateField Amyothahluttaw_Tsp_2015 Label2 "Rakhine-11" VB #</Process><Process ToolSource="C:\Program Files (x86)\ArcGIS\Desktop10.0\ArcToolbox\Toolboxes\Data Management Tools.tbx\CalculateField" Date="20150717" Time="105903">CalculateField Amyothahluttaw_Tsp_2015 Label2 "Rakhine-12" VB #</Process><Process ToolSource="C:\Program Files (x86)\ArcGIS\Desktop10.0\ArcToolbox\Toolboxes\Data Management Tools.tbx\CalculateField" Date="20150717" Time="105933">CalculateField Amyothahluttaw_Tsp_2015 Label2 "Yangon-1" VB #</Process><Process ToolSource="C:\Program Files (x86)\ArcGIS\Desktop10.0\ArcToolbox\Toolboxes\Data Management Tools.tbx\CalculateField" Date="20150717" Time="105948">CalculateField Amyothahluttaw_Tsp_2015 Label2 "Yangon-2" VB #</Process><Process ToolSource="C:\Program Files (x86)\ArcGIS\Desktop10.0\ArcToolbox\Toolboxes\Data Management Tools.tbx\CalculateField" Date="20150717" Time="110017">CalculateField Amyothahluttaw_Tsp_2015 Label2 "Yangon-3" VB #</Process><Process ToolSource="C:\Program Files (x86)\ArcGIS\Desktop10.0\ArcToolbox\Toolboxes\Data Management Tools.tbx\CalculateField" Date="20150717" Time="110041">CalculateField Amyothahluttaw_Tsp_2015 Label2 "Yangon-4" VB #</Process><Process ToolSource="C:\Program Files (x86)\ArcGIS\Desktop10.0\ArcToolbox\Toolboxes\Data Management Tools.tbx\CalculateField" Date="20150717" Time="110124">CalculateField Amyothahluttaw_Tsp_2015 Label2 "Yangon-5" VB #</Process><Process ToolSource="C:\Program Files (x86)\ArcGIS\Desktop10.0\ArcToolbox\Toolboxes\Data Management Tools.tbx\CalculateField" Date="20150717" Time="110155">CalculateField Amyothahluttaw_Tsp_2015 Label2 "Yangon-6" VB #</Process><Process ToolSource="C:\Program Files (x86)\ArcGIS\Desktop10.0\ArcToolbox\Toolboxes\Data Management Tools.tbx\CalculateField" Date="20150717" Time="110210">CalculateField Amyothahluttaw_Tsp_2015 Label2 "Yangon-7" VB #</Process><Process ToolSource="C:\Program Files (x86)\ArcGIS\Desktop10.0\ArcToolbox\Toolboxes\Data Management Tools.tbx\CalculateField" Date="20150717" Time="110229">CalculateField Amyothahluttaw_Tsp_2015 Label2 "Yangon-8" VB #</Process><Process ToolSource="C:\Program Files (x86)\ArcGIS\Desktop10.0\ArcToolbox\Toolboxes\Data Management Tools.tbx\CalculateField" Date="20150717" Time="110246">CalculateField Amyothahluttaw_Tsp_2015 Label2 "Yangon-9" VB #</Process><Process ToolSource="C:\Program Files (x86)\ArcGIS\Desktop10.0\ArcToolbox\Toolboxes\Data Management Tools.tbx\CalculateField" Date="20150717" Time="110258">CalculateField Amyothahluttaw_Tsp_2015 Label2 "Yangon-10" VB #</Process><Process ToolSource="C:\Program Files (x86)\ArcGIS\Desktop10.0\ArcToolbox\Toolboxes\Data Management Tools.tbx\CalculateField" Date="20150717" Time="110327">CalculateField Amyothahluttaw_Tsp_2015 Label2 "Yangon-11" VB #</Process><Process ToolSource="C:\Program Files (x86)\ArcGIS\Desktop10.0\ArcToolbox\Toolboxes\Data Management Tools.tbx\CalculateField" Date="20150717" Time="110346">CalculateField Amyothahluttaw_Tsp_2015 Label2 "Yangon-9" VB #</Process><Process ToolSource="C:\Program Files (x86)\ArcGIS\Desktop10.0\ArcToolbox\Toolboxes\Data Management Tools.tbx\CalculateField" Date="20150717" Time="110356">CalculateField Amyothahluttaw_Tsp_2015 Label2 "Yangon-12" VB #</Process><Process ToolSource="C:\Program Files (x86)\ArcGIS\Desktop10.0\ArcToolbox\Toolboxes\Data Management Tools.tbx\CalculateField" Date="20150717" Time="110430">CalculateField Amyothahluttaw_Tsp_2015 Label2 "Shan-1" VB #</Process><Process ToolSource="C:\Program Files (x86)\ArcGIS\Desktop10.0\ArcToolbox\Toolboxes\Data Management Tools.tbx\CalculateField" Date="20150717" Time="110514">CalculateField Amyothahluttaw_Tsp_2015 Label2 "Shan-2" VB #</Process><Process ToolSource="C:\Program Files (x86)\ArcGIS\Desktop10.0\ArcToolbox\Toolboxes\Data Management Tools.tbx\CalculateField" Date="20150717" Time="110534">CalculateField Amyothahluttaw_Tsp_2015 Label2 "Shan-3" VB #</Process><Process ToolSource="C:\Program Files (x86)\ArcGIS\Desktop10.0\ArcToolbox\Toolboxes\Data Management Tools.tbx\CalculateField" Date="20150717" Time="110605">CalculateField Amyothahluttaw_Tsp_2015 Label2 "Shan-4" VB #</Process><Process ToolSource="C:\Program Files (x86)\ArcGIS\Desktop10.0\ArcToolbox\Toolboxes\Data Management Tools.tbx\CalculateField" Date="20150717" Time="110622">CalculateField Amyothahluttaw_Tsp_2015 Label2 "Shan-5" VB #</Process><Process ToolSource="C:\Program Files (x86)\ArcGIS\Desktop10.0\ArcToolbox\Toolboxes\Data Management Tools.tbx\CalculateField" Date="20150717" Time="110637">CalculateField Amyothahluttaw_Tsp_2015 Label2 "Shan-6" VB #</Process><Process ToolSource="C:\Program Files (x86)\ArcGIS\Desktop10.0\ArcToolbox\Toolboxes\Data Management Tools.tbx\CalculateField" Date="20150717" Time="110655">CalculateField Amyothahluttaw_Tsp_2015 Label2 "Shan-7" VB #</Process><Process ToolSource="C:\Program Files (x86)\ArcGIS\Desktop10.0\ArcToolbox\Toolboxes\Data Management Tools.tbx\CalculateField" Date="20150717" Time="110713">CalculateField Amyothahluttaw_Tsp_2015 Label2 "Shan-8" VB #</Process><Process ToolSource="C:\Program Files (x86)\ArcGIS\Desktop10.0\ArcToolbox\Toolboxes\Data Management Tools.tbx\CalculateField" Date="20150717" Time="110730">CalculateField Amyothahluttaw_Tsp_2015 Label2 "Shan-9" VB #</Process><Process ToolSource="C:\Program Files (x86)\ArcGIS\Desktop10.0\ArcToolbox\Toolboxes\Data Management Tools.tbx\CalculateField" Date="20150717" Time="110755">CalculateField Amyothahluttaw_Tsp_2015 Label2 "Shan-10" VB #</Process><Process ToolSource="C:\Program Files (x86)\ArcGIS\Desktop10.0\ArcToolbox\Toolboxes\Data Management Tools.tbx\CalculateField" Date="20150717" Time="110808">CalculateField Amyothahluttaw_Tsp_2015 Label2 "Shan-11" VB #</Process><Process ToolSource="C:\Program Files (x86)\ArcGIS\Desktop10.0\ArcToolbox\Toolboxes\Data Management Tools.tbx\CalculateField" Date="20150717" Time="110927">CalculateField Amyothahluttaw_Tsp_2015 Label2 "Shan-12" VB #</Process><Process ToolSource="C:\Program Files (x86)\ArcGIS\Desktop10.0\ArcToolbox\Toolboxes\Data Management Tools.tbx\CalculateField" Date="20150717" Time="111007">CalculateField Amyothahluttaw_Tsp_2015 Label2 "Ayeyarwady-1" VB #</Process><Process ToolSource="C:\Program Files (x86)\ArcGIS\Desktop10.0\ArcToolbox\Toolboxes\Data Management Tools.tbx\CalculateField" Date="20150717" Time="111014">CalculateField Amyothahluttaw_Tsp_2015 Label2 "Ayeyarwady-1" VB #</Process><Process ToolSource="C:\Program Files (x86)\ArcGIS\Desktop10.0\ArcToolbox\Toolboxes\Data Management Tools.tbx\CalculateField" Date="20150717" Time="111034">CalculateField Amyothahluttaw_Tsp_2015 Label2 "Ayeyarwady-2" VB #</Process><Process ToolSource="C:\Program Files (x86)\ArcGIS\Desktop10.0\ArcToolbox\Toolboxes\Data Management Tools.tbx\CalculateField" Date="20150717" Time="111046">CalculateField Amyothahluttaw_Tsp_2015 Label2 "Ayeyarwady-3" VB #</Process><Process ToolSource="C:\Program Files (x86)\ArcGIS\Desktop10.0\ArcToolbox\Toolboxes\Data Management Tools.tbx\CalculateField" Date="20150717" Time="111104">CalculateField Amyothahluttaw_Tsp_2015 Label2 "Ayeyarwady-4" VB #</Process><Process ToolSource="C:\Program Files (x86)\ArcGIS\Desktop10.0\ArcToolbox\Toolboxes\Data Management Tools.tbx\CalculateField" Date="20150717" Time="111118">CalculateField Amyothahluttaw_Tsp_2015 Label2 "Ayeyarwady-5" VB #</Process><Process ToolSource="C:\Program Files (x86)\ArcGIS\Desktop10.0\ArcToolbox\Toolboxes\Data Management Tools.tbx\CalculateField" Date="20150717" Time="111132">CalculateField Amyothahluttaw_Tsp_2015 Label2 "Ayeyarwady-6" VB #</Process><Process ToolSource="C:\Program Files (x86)\ArcGIS\Desktop10.0\ArcToolbox\Toolboxes\Data Management Tools.tbx\CalculateField" Date="20150717" Time="111146">CalculateField Amyothahluttaw_Tsp_2015 Label2 "Ayeyarwady-7" VB #</Process><Process ToolSource="C:\Program Files (x86)\ArcGIS\Desktop10.0\ArcToolbox\Toolboxes\Data Management Tools.tbx\CalculateField" Date="20150717" Time="111201">CalculateField Amyothahluttaw_Tsp_2015 Label2 "Ayeyarwady-8" VB #</Process><Process ToolSource="C:\Program Files (x86)\ArcGIS\Desktop10.0\ArcToolbox\Toolboxes\Data Management Tools.tbx\CalculateField" Date="20150717" Time="111215">CalculateField Amyothahluttaw_Tsp_2015 Label2 "Ayeyarwady-9" VB #</Process><Process ToolSource="C:\Program Files (x86)\ArcGIS\Desktop10.0\ArcToolbox\Toolboxes\Data Management Tools.tbx\CalculateField" Date="20150717" Time="111232">CalculateField Amyothahluttaw_Tsp_2015 Label2 "Ayeyarwady-10" VB #</Process><Process ToolSource="C:\Program Files (x86)\ArcGIS\Desktop10.0\ArcToolbox\Toolboxes\Data Management Tools.tbx\CalculateField" Date="20150717" Time="111245">CalculateField Amyothahluttaw_Tsp_2015 Label2 "Ayeyarwady-10/11" VB #</Process><Process ToolSource="C:\Program Files (x86)\ArcGIS\Desktop10.0\ArcToolbox\Toolboxes\Data Management Tools.tbx\CalculateField" Date="20150717" Time="111313">CalculateField Amyothahluttaw_Tsp_2015 Label2 "Ayeyarwady-12" VB #</Process><Process ToolSource="C:\Program Files (x86)\ArcGIS\Desktop10.0\ArcToolbox\Toolboxes\Data Management Tools.tbx\CalculateField" Date="20150717" Time="130436">CalculateField Amyothahluttaw_Tsp_2015 Label2 "Kachin-1" VB #</Process><Process ToolSource="C:\Program Files (x86)\ArcGIS\Desktop10.0\ArcToolbox\Toolboxes\Data Management Tools.tbx\CalculateField" Date="20150717" Time="131032">CalculateField Amyothahluttaw_Tsp_2015 Label2 "Sagaing-3" VB #</Process><Process ToolSource="C:\Program Files (x86)\ArcGIS\Desktop10.0\ArcToolbox\Toolboxes\Data Management Tools.tbx\CalculateField" Date="20150717" Time="131105">CalculateField Amyothahluttaw_Tsp_2015 Label2 "Sagaing-2" VB #</Process><Process ToolSource="C:\Program Files (x86)\ArcGIS\Desktop10.0\ArcToolbox\Toolboxes\Data Management Tools.tbx\CalculateField" Date="20150717" Time="131153">CalculateField Amyothahluttaw_Tsp_2015 Label2 "Sagaing-4" VB #</Process><Process ToolSource="C:\Program Files (x86)\ArcGIS\Desktop10.0\ArcToolbox\Toolboxes\Data Management Tools.tbx\CalculateField" Date="20150717" Time="131221">CalculateField Amyothahluttaw_Tsp_2015 Label2 "Sagaing-5" VB #</Process><Process ToolSource="C:\Program Files (x86)\ArcGIS\Desktop10.0\ArcToolbox\Toolboxes\Data Management Tools.tbx\CalculateField" Date="20150717" Time="131410">CalculateField Amyothahluttaw_Tsp_2015 Label2 "Magway-12" VB #</Process><Process ToolSource="C:\Program Files (x86)\ArcGIS\Desktop10.0\ArcToolbox\Toolboxes\Data Management Tools.tbx\CalculateField" Date="20150717" Time="131833">CalculateField Amyothahluttaw_Tsp_2015 Label2 "Shan-3" VB #</Process><Process ToolSource="C:\Program Files (x86)\ArcGIS\Desktop10.0\ArcToolbox\Toolboxes\Data Management Tools.tbx\CalculateField" Date="20150717" Time="131928">CalculateField Amyothahluttaw_Tsp_2015 Label2 "Shan-6" VB #</Process><Process ToolSource="C:\Program Files (x86)\ArcGIS\Desktop10.0\ArcToolbox\Toolboxes\Data Management Tools.tbx\CalculateField" Date="20150717" Time="132015">CalculateField Amyothahluttaw_Tsp_2015 Label2 "Shan-7" VB #</Process><Process ToolSource="C:\Program Files (x86)\ArcGIS\Desktop10.0\ArcToolbox\Toolboxes\Data Management Tools.tbx\CalculateField" Date="20150717" Time="132103">CalculateField Amyothahluttaw_Tsp_2015 Label2 "Ayeyarwady-10" VB #</Process><Process ToolSource="C:\Program Files (x86)\ArcGIS\Desktop10.0\ArcToolbox\Toolboxes\Data Management Tools.tbx\CalculateField" Date="20150717" Time="132117">CalculateField Amyothahluttaw_Tsp_2015 Label2 "Ayeyarwady-11" VB #</Process><Process ToolSource="C:\Program Files (x86)\ArcGIS\Desktop10.0\ArcToolbox\Toolboxes\Data Management Tools.tbx\CalculateField" Date="20150717" Time="132424">CalculateField Amyothahluttaw_Tsp_2015 Label2 "Mandalay-7" VB #</Process><Process ToolSource="C:\Program Files (x86)\ArcGIS\Desktop10.0\ArcToolbox\Toolboxes\Data Management Tools.tbx\CalculateField" Date="20150717" Time="132513">CalculateField Amyothahluttaw_Tsp_2015 Label2 "Magway-4" VB #</Process><Process ToolSource="C:\Program Files (x86)\ArcGIS\Desktop10.0\ArcToolbox\Toolboxes\Data Management Tools.tbx\Dissolve" Date="20150717" Time="134053">Dissolve Amyothahluttaw_Tsp_2015 "G:\11_Mapping Data for Customised Requests\IFES\Amyothahluttaw_constituencies_2015.shp" ST;ST_PCODE;Label2 # MULTI_PART DISSOLVE_LINES</Process><Process ToolSource="c:\program files (x86)\arcgis\desktop10.1\ArcToolbox\Toolboxes\Data Management Tools.tbx\CalculateField" Date="20150724" Time="141741">CalculateField Amyothahluttaw_constituencies_2015 PCode "[ST_PCODE] = [PCode]" VB #</Process><Process ToolSource="c:\program files (x86)\arcgis\desktop10.1\ArcToolbox\Toolboxes\Data Management Tools.tbx\CalculateField" Date="20150724" Time="141909">CalculateField Amyothahluttaw_constituencies_2015 PCode [ST_PCODE] VB #</Process><Process ToolSource="c:\program files (x86)\arcgis\desktop10.1\ArcToolbox\Toolboxes\Data Management Tools.tbx\CalculateField" Date="20150724" Time="142427">CalculateField Amyothahluttaw_constituencies_2015 PCode [ST_PCODE]&amp;vbnewline&amp;"HLA001" VB #</Process><Process ToolSource="c:\program files (x86)\arcgis\desktop10.1\ArcToolbox\Toolboxes\Data Management Tools.tbx\CalculateField" Date="20150724" Time="142448">CalculateField Amyothahluttaw_constituencies_2015 PCode "[ST_PCODE] &amp;vbnewline&amp;"HLA001"" VB #</Process><Process ToolSource="C:\Program Files (x86)\ArcGIS\Desktop10.0\ArcToolbox\Toolboxes\Data Management Tools.tbx\CalculateField" Date="20150923" Time="101424">CalculateField Amyothahluttaw_constituencies_2015 PCode "MMR011HLA002" VB #</Process></lineage><itemProps><itemLocation><linkage Sync="TRUE">file://\\mimu-svr\gis\11_Mapping Data for Customised Requests\IFES\Amyothahluttaw_constituencies_2015.shp</linkage><protocol Sync="TRUE">Local Area Network</protocol></itemLocation><itemName Sync="TRUE">Amyothahluttaw_constituencies_2015</itemName><imsContentType Sync="TRUE">002</imsContentType><itemSize Sync="TRUE">0.000</itemSize></itemProps><coordRef><type Sync="TRUE">Geographic</type><geogcsn Sync="TRUE">GCS_WGS_1984</geogcsn><peXml Sync="TRUE">&lt;GeographicCoordinateSystem xsi:type='typens:GeographicCoordinateSystem' xmlns:xsi='http://www.w3.org/2001/XMLSchema-instance' xmlns:xs='http://www.w3.org/2001/XMLSchema' xmlns:typens='http://www.esri.com/schemas/ArcGIS/10.0'&gt;&lt;WKT&gt;GEOGCS[&amp;quot;GCS_WGS_1984&amp;quot;,DATUM[&amp;quot;D_WGS_1984&amp;quot;,SPHEROID[&amp;quot;WGS_1984&amp;quot;,6378137.0,298.257223563]],PRIMEM[&amp;quot;Greenwich&amp;quot;,0.0],UNIT[&amp;quot;Degree&amp;quot;,0.0174532925199433],AUTHORITY[&amp;quot;EPSG&amp;quot;,4326]]&lt;/WKT&gt;&lt;XOrigin&gt;-399.99999999999989&lt;/XOrigin&gt;&lt;YOrigin&gt;-399.99999999999989&lt;/YOrigin&gt;&lt;XYScale&gt;11258999068426.24&lt;/XYScale&gt;&lt;ZOrigin&gt;-100000&lt;/ZOrigin&gt;&lt;ZScale&gt;10000&lt;/ZScale&gt;&lt;MOrigin&gt;-100000&lt;/MOrigin&gt;&lt;MScale&gt;10000&lt;/MScale&gt;&lt;XYTolerance&gt;8.9831528411952133e-009&lt;/XYTolerance&gt;&lt;ZTolerance&gt;0.001&lt;/ZTolerance&gt;&lt;MTolerance&gt;0.001&lt;/MTolerance&gt;&lt;HighPrecision&gt;true&lt;/HighPrecision&gt;&lt;LeftLongitude&gt;-180&lt;/LeftLongitude&gt;&lt;WKID&gt;4326&lt;/WKID&gt;&lt;/GeographicCoordinateSystem&gt;</peXml></coordRef></DataProperties><SyncDate>20150717</SyncDate><SyncTime>13405200</SyncTime><ModDate>20150717</ModDate><ModTime>13405200</ModTime><ArcGISFormat>1.0</ArcGISFormat><ArcGISstyle>ISO 19139 Metadata Implementation Specification</ArcGISstyle></Esri><idinfo><citation><citeinfo><onlink Sync="TRUE">\\mimu-filesvr\gis\02_Base_map2\01_Admin\mmr_polpnda_adm3_250k_mimu.shp</onlink><origin>REQUIRED: The name of an organization or individual that developed the data set.</origin><pubdate>REQUIRED: The date when the data set is published or otherwise made available for release.</pubdate><title Sync="TRUE">mmr_polpnda_adm3_250k_mimu</title><ftname Sync="TRUE">mmr_polpnda_adm3_250k_mimu</ftname><geoform Sync="TRUE">vector digital data</geoform></citeinfo></citation><native Sync="TRUE">Microsoft Windows XP Version 5.1 (Build 2600) Service Pack 3; ESRI ArcCatalog 9.3.0.1770</native><descript><langdata Sync="TRUE">en</langdata><abstract>REQUIRED: A brief narrative summary of the data set.</abstract><purpose>REQUIRED: A summary of the intentions with which the data set was developed.</purpose></descript><timeperd><current>REQUIRED: The basis on which the time period of content information is determined.</current><timeinfo><sngdate><caldate>REQUIRED: The year (and optionally month, or month and day) for which the data set corresponds to the ground.</caldate></sngdate></timeinfo></timeperd><status><progress>REQUIRED: The state of the data set.</progress><update>REQUIRED: The frequency with which changes and additions are made to the data set after the initial data set is completed.</update></status><spdom><bounding><westbc Sync="TRUE">REQUIRED: Western-most coordinate of the limit of coverage expressed in longitude.</westbc><eastbc Sync="TRUE">REQUIRED: Eastern-most coordinate of the limit of coverage expressed in longitude.</eastbc><northbc Sync="TRUE">REQUIRED: Northern-most coordinate of the limit of coverage expressed in latitude.</northbc><southbc Sync="TRUE">REQUIRED: Southern-most coordinate of the limit of coverage expressed in latitude.</southbc></bounding></spdom><keywords><theme><themekt>REQUIRED: Reference to a formally registered thesaurus or a similar authoritative source of theme keywords.</themekt><themekey>REQUIRED: Common-use word or phrase used to describe the subject of the data set.</themekey></theme></keywords><accconst>REQUIRED: Restrictions and legal prerequisites for accessing the data set.</accconst><useconst>REQUIRED: Restrictions and legal prerequisites for using the data set after access is granted.</useconst><natvform Sync="TRUE">Shapefile</natvform></idinfo><distInfo><distributor><distorTran><onLineSrc><linkage Sync="TRUE">file://\\mimu-filesvr\gis\02_Base_map2\01_Admin\mmr_polpnda_adm3_250k_mimu.shp</linkage><protocol Sync="TRUE">Local Area Network</protocol><orDesc Sync="TRUE">002</orDesc></onLineSrc><transSize Sync="TRUE">0.000</transSize></distorTran><distorFormat><formatName Sync="TRUE">Shapefile</formatName></distorFormat></distributor><distFormat><formatName Sync="TRUE">Shapefile</formatName></distFormat><distTranOps><transSize Sync="TRUE">0.000</transSize></distTranOps></distInfo><dataqual><lineage><procstep><procdesc Sync="TRUE">Dataset copied.</procdesc><srcused Sync="TRUE">G:\02_Base_map2\01_Admin\mmr_polbnda_adm3_250k_mimu</srcused><procdate Sync="TRUE">20101027</procdate><proctime Sync="TRUE">10281900</proctime></procstep><procstep><procdesc Sync="TRUE">Dataset copied.</procdesc><srcused Sync="TRUE">G:\02_Base_map2\99_Scratch Data\mmr_polbnda_adm3_250k_mimu</srcused><procdate Sync="TRUE">20110905</procdate><proctime Sync="TRUE">14102500</proctime></procstep><procstep><procdesc Sync="TRUE">Dataset copied.</procdesc><srcused Sync="TRUE">G:\00_Working Folder\14_ThuThuAung\Boundary Adjusting\Rakhine Costal Line(22.7.2011)\Shp File\TS_mmr_polbnda_adm3_250k_mimu</srcused><procdate Sync="TRUE">20110905</procdate><proctime Sync="TRUE">15170800</proctime></procstep><procstep><procdesc Sync="TRUE">Dataset copied.</procdesc><srcused Sync="TRUE"></srcused><procdate Sync="TRUE">20120201</procdate><proctime Sync="TRUE">13484000</proctime></procstep></lineage></dataqual><dataIdInfo><envirDesc Sync="TRUE">Microsoft Windows Server 2008 R2 Version 6.1 (Build 7601) Service Pack 1; ESRI ArcGIS 10.0.0.2414</envirDesc><dataLang><languageCode Sync="TRUE" value="eng" country="USA"></languageCode></dataLang><idCitation><resTitle Sync="TRUE">Amyothahluttaw_constituencies_2015</resTitle><presForm><PresFormCd Sync="TRUE" value="005"></PresFormCd></presForm></idCitation><spatRpType><SpatRepTypCd Sync="TRUE" value="001"></SpatRepTypCd></spatRpType><descKeys><thesaName uuidref="723f6998-058e-11dc-8314-0800200c9a66"></thesaName><keyword Sync="TRUE">002</keyword></descKeys></dataIdInfo><metainfo><langmeta Sync="TRUE">en</langmeta><metstdn Sync="TRUE">FGDC Content Standards for Digital Geospatial Metadata</metstdn><metstdv Sync="TRUE">FGDC-STD-001-1998</metstdv><mettc Sync="TRUE">local time</mettc><metc><cntinfo><cntorgp><cntper>REQUIRED: The person responsible for the metadata information.</cntper><cntorg>REQUIRED: The organization responsible for the metadata information.</cntorg></cntorgp><cntaddr><addrtype>REQUIRED: The mailing and/or physical address for the organization or individual.</addrtype><city>REQUIRED: The city of the address.</city><state>REQUIRED: The state or province of the address.</state><postal>REQUIRED: The ZIP or other postal code of the address.</postal></cntaddr><cntvoice>REQUIRED: The telephone number by which individuals can speak to the organization or individual.</cntvoice></cntinfo></metc><metd Sync="TRUE">20120213</metd></metainfo><mdLang><languageCode Sync="TRUE" value="eng"></languageCode></mdLang><mdStanName Sync="TRUE">ISO 19115 Geographic Information - Metadata</mdStanName><mdStanVer Sync="TRUE">DIS_ESRI1.0</mdStanVer><mdChar><CharSetCd Sync="TRUE" value="004"></CharSetCd></mdChar><mdHrLv><ScopeCd Sync="TRUE" value="005"></ScopeCd></mdHrLv><mdHrLvName Sync="TRUE">dataset</mdHrLvName><distinfo><resdesc Sync="TRUE">Downloadable Data</resdesc><stdorder><digform><digtinfo><transize Sync="TRUE">0.000</transize><dssize Sync="TRUE">0.000</dssize></digtinfo></digform></stdorder></distinfo><spdoinfo><direct Sync="TRUE">Vector</direct><ptvctinf><esriterm Name="Amyothahluttaw_constituencies_2015"><efeatyp Sync="TRUE">Simple</efeatyp><efeageom Sync="TRUE">4</efeageom><esritopo Sync="TRUE">FALSE</esritopo><efeacnt Sync="TRUE">0</efeacnt><spindex Sync="TRUE">FALSE</spindex><linrefer Sync="TRUE">FALSE</linrefer></esriterm></ptvctinf></spdoinfo><spref><horizsys><cordsysn><geogcsn Sync="TRUE">GCS_WGS_1984</geogcsn></cordsysn><geograph><geogunit Sync="TRUE">Decimal degrees</geogunit><latres Sync="TRUE">0.000000</latres><longres Sync="TRUE">0.000000</longres></geograph><geodetic><horizdn Sync="TRUE">D_WGS_1984</horizdn><ellips Sync="TRUE">WGS_1984</ellips><semiaxis Sync="TRUE">6378137.000000</semiaxis><denflat Sync="TRUE">298.257224</denflat></geodetic></horizsys><vertdef><altsys><altenc Sync="TRUE">Explicit elevation coordinate included with horizontal coordinates</altenc><altres Sync="TRUE">0.000100</altres></altsys></vertdef></spref><refSysInfo><RefSystem><refSysID><identCode Sync="TRUE" code="4326">GCS_WGS_1984</identCode><idCodeSpace Sync="TRUE">EPSG</idCodeSpace><idVersion Sync="TRUE">7.4.1</idVersion></refSysID></RefSystem></refSysInfo><spatRepInfo><VectSpatRep><topLvl><TopoLevCd Sync="TRUE" value="001"></TopoLevCd></topLvl><geometObjs Name="mmr_polpnda_adm3_250k_mimu"><geoObjTyp><GeoObjTypCd Sync="TRUE" value="002"></GeoObjTypCd><geoObjCnt Sync="TRUE">0</geoObjCnt></geoObjTyp><geoObjCnt Sync="TRUE">0</geoObjCnt></geometObjs></VectSpatRep></spatRepInfo><eainfo><detailed Name="Amyothahluttaw_constituencies_2015"><enttyp><enttypl Sync="TRUE">Amyothahluttaw_constituencies_2015</enttypl><enttypt Sync="TRUE">Feature Class</enttypt><enttypc Sync="TRUE">0</enttypc></enttyp><attr><attrlabl Sync="TRUE">FID</attrlabl><attalias Sync="TRUE">FID</attalias><attrtype Sync="TRUE">OID</attrtype><attwidth Sync="TRUE">4</attwidth><atprecis Sync="TRUE">0</atprecis><attscale Sync="TRUE">0</attscale><attrdef Sync="TRUE">Internal feature number.</attrdef><attrdefs Sync="TRUE">ESRI</attrdefs><attrdomv><udom Sync="TRUE">Sequential unique whole numbers that are automatically generated.</udom></attrdomv></attr><attr><attrlabl Sync="TRUE">Shape</attrlabl><attalias Sync="TRUE">Shape</attalias><attrtype Sync="TRUE">Geometry</attrtype><attwidth Sync="TRUE">0</attwidth><atprecis Sync="TRUE">0</atprecis><attscale Sync="TRUE">0</attscale><attrdef Sync="TRUE">Feature geometry.</attrdef><attrdefs Sync="TRUE">ESRI</attrdefs><attrdomv><udom Sync="TRUE">Coordinates defining the features.</udom></attrdomv></attr><attr><attrlabl Sync="TRUE">ST</attrlabl><attalias Sync="TRUE">ST</attalias><attrtype Sync="TRUE">String</attrtype><attwidth Sync="TRUE">50</attwidth><atprecis Sync="TRUE">0</atprecis><attscale Sync="TRUE">0</attscale></attr><attr><attrlabl Sync="TRUE">ST_PCODE</attrlabl><attalias Sync="TRUE">ST_PCODE</attalias><attrtype Sync="TRUE">String</attrtype><attwidth Sync="TRUE">6</attwidth><atprecis Sync="TRUE">0</atprecis><attscale Sync="TRUE">0</attscale></attr><attr><attrlabl Sync="TRUE">Label2</attrlabl><attalias Sync="TRUE">Label2</attalias><attrtype Sync="TRUE">String</attrtype><attwidth Sync="TRUE">100</attwidth><atprecis Sync="TRUE">0</atprecis><attscale Sync="TRUE">0</attscale></attr></detailed></eainfo><mdDateSt Sync="TRUE">20150717</mdDateSt></metadata>
